12,13,;14,8,;1;0;0;;;439;269;0;2014-10-15 18:00:00;;1;1;1;El Paczkowskaneiro;;https://i.ibb.co/gJr2P8c/2014-removebg-preview.png;FIFOWA ŚPODA;https://i.ibb.co/74PJv1m/logo-v1.png;;2014-10-15;2014-10-15;2014-10-15;;;POINTS_PER_MATCH;;;1
4,2,;8,12,;3;1;0;;;261;258;0;2014-10-15 18:20:00;;;;;;;;;;;;;;;;;;;2
4,13,;14,12,;0;2;0;;;255;33;0;2014-10-15 18:40:00;;;;;;;;;;;;;;;;;;;3
13,8,;14,2,;0;3;0;;;29;99;0;2014-10-15 19:00:00;;;;;;;;;;;;;;;;;;;4
8,4,;2,12,;4;0;0;;;249;161;0;2014-10-15 19:20:00;;;;;;;;;;;;;;;;;;;5
14,12,;2,13,;1;0;0;;;101;250;0;2014-10-15 19:40:00;;;;;;;;;;;;;;;;;;;6
4,12,;13,14,;4;1;0;;;34;169;0;2014-10-15 20:00:00;;;;;;;;;;;;;;;;;;;7
14,4,;12,2,;3;0;0;;;27;32;0;2014-10-15 20:20:00;;;;;;;;;;;;;;;;;;;8
7,6,;12,2,;1;1;0;;;228;529;0;2014-10-15 20:40:00;;;;;;;;;;;;;;;;;;;9
12,7,;6,4,;1;3;0;;;1;83;0;2014-10-15 21:00:00;;;;;;;;;;;;;;;;;;;10
7,2,;6,12,;1;1;0;;;757;107;0;2014-10-15 21:20:00;;;;;;;;;;;;;;;;;;;11
6,2,;4,7,;3;1;0;;;98;735;0;2014-10-15 21:40:00;;;;;;;;;;;;;;;;;;;12
7,4,;12,2,;0;2;0;;;424;454;0;2014-10-15 22:00:00;;;;;;;;;;;;;;;;;;;13
6,2,;12,7,;3;4;0;;;105;36;0;2014-10-15 22:20:00;;;;;;;;;;;;;;;;;;;14
13,14,;7,2,;1;2;0;;;33;760;0;2014-10-22 18:00:00;;1;;;El Paczkowskaneiro;;;;;;2014-10-22;;;;;;;https://i.ibb.co/qnsTGSJ/poda-logo-1.jpg;15
4,15,;13,7,;3;0;0;;;752;753;0;2014-10-22 18:20:00;;;;;;;;;;;;;;;;;;;16
15,14,;4,2,;2;3;0;;;19;103;0;2014-10-22 18:40:00;;;;;;;;;;;;;;;;;;;17
13,15,;2,14,;0;2;0;;;102;256;0;2014-10-22 19:00:00;;;;;;;;;;;;;;;;;;;18
14,4,;15,2,;2;3;0;;;11;260;0;2014-10-22 19:20:00;;;;;;;;;;;;;;;;;;;19
4,2,;15,14,;2;0;0;;;6;34;0;2014-10-22 19:40:00;;;;;;;;;;;;;;;;;;;20
15,4,;2,14,;2;2;0;;;101;17;0;2014-10-22 20:00:00;;;;;;;;;;;;;;;;;;;21
14,4,;15,2,;0;1;0;;;10;269;0;2014-10-22 20:20:00;;;;;;;;;;;;;;;;;;;22
4,2,;15,14,;1;0;0;;;265;9;0;2014-10-22 20:40:00;;;;;;;;;;;;;;;;;;;23
2,14,;15,4,;5;0;0;;;20;1;0;2014-10-22 21:00:00;;;;;;;;;;;;;;;;;;;24
15,2,;14,4,;1;2;0;;;250;255;0;2014-10-22 21:20:00;;;;;;;;;;;;;;;;;;;25
2,4,;15,14,;1;4;0;;;261;258;0;2014-10-22 21:40:00;;;;;;;;;;;;;;;;;;;26
14,2,;4,15,;1;1;0;;;751;751;0;2014-10-22 22:00:00;;;;;;;;;;;;;;;;;;;27
2,14,;4,12,;2;0;0;;;760;19;0;2014-10-29 18:00:00;;1;;;El Paczkowskaneiro;;;;;;2014-10-29;;;;;;;;28
13,4,;3,6,;2;2;0;;;6;753;0;2014-10-29 18:20:00;;;;;;;;;;;;;;;;;;;29
2,12,;13,14,;0;0;0;;;102;103;0;2014-10-29 18:40:00;;;;;;;;;;;;;;;;;;;30
14,3,;6,4,;2;0;0;;;265;11;0;2014-10-29 19:00:00;;;;;;;;;;;;;;;;;;;31
2,6,;12,13,;2;0;0;;;50;1;0;2014-10-29 19:20:00;;;;;;;;;;;;;;;;;;;32
4,3,;6,14,;1;0;0;;;256;33;0;2014-10-29 19:40:00;;;;;;;;;;;;;;;;;;;33
4,6,;12,3,;3;1;0;;;752;10;0;2014-10-29 20:00:00;;;;;;;;;;;;;;;;;;;34
14,3,;2,13,;1;3;0;;;735;705;0;2014-10-29 20:20:00;;;;;;;;;;;;;;;akcja roku;;;;35
2,4,;6,12,;2;1;0;;;101;439;0;2014-10-29 20:40:00;;;;;;;;;;;;;;;;;;;36
13,3,;14,12,;0;4;0;;;269;9;0;2014-10-29 21:00:00;;;;;;;;;;;;;;;karnyyy;;;;37
6,13,;4,2,;0;0;0;;;255;17;0;2014-10-29 21:20:00;;;;;;;;;;;;;;;;;;;38
12,3,;4,2,;0;0;0;;;99;169;0;2014-10-29 21:40:00;;;;;;;;;;;;;;;;;;;39
2,3,;12,6,;1;0;0;;;34;27;0;2014-10-29 22:00:00;;;;;;;;;;;;;;;;;;;40
14,4,;12,13,;2;0;0;;;260;258;0;2014-10-29 22:20:00;;;;;;;;;;;;;;;;;;;41
14,3,;2,13,;6;0;0;;;454;424;0;2014-10-29 22:40:00;;;;;;;;;;;;;;;rekord st.;;;;42
12,4,;2,14,;1;0;0;;;134;7;0;2014-10-29 23:00:00;;;;;;;;;;;;;;;;;;;43
16,2,;14,15,;1;1;0;;;19;760;0;2014-11-05 18:00:00;;1;;;El Paczkowskaneiro;;;;;;2014-11-05;;;;;;;;44
2,12,;13,16,;0;0;0;;;256;753;0;2014-11-05 18:20:00;;;;;;;;;;;;;;;;;;;45
12,15,;14,13,;2;3;0;;;103;752;0;2014-11-05 18:40:00;;;;;;;;;;;;;;;;;;;46
13,2,;12,16,;0;2;0;;;10;102;0;2014-11-05 19:00:00;;;;;;;;;;;;;;;;;;;47
15,2,;14,16,;0;2;0;;;17;269;0;2014-11-05 19:20:00;;;;;;;;;;;;;;;;;;;48
14,12,;15,16,;0;2;0;;;6;265;0;2014-11-05 19:40:00;;;;;;;;;;;;;;;;;;;49
15,12,;14,2,;0;1;0;;;258;11;0;2014-11-05 20:00:00;;;;;;;;;;;;;;;;;;;50
12,16,;14,15,;3;2;0;;;50;20;0;2014-11-05 20:20:00;;;;;;;;;;;;;;;;;;;51
15,16,;2,12,;3;1;0;;;1;33;0;2014-11-05 20:40:00;;;;;;;;;;;;;;;;;;;52
14,2,;16,12,;1;1;0;;;249;29;0;2014-11-05 21:00:00;;;;;;;;;;;;;;;;;;;53
15,2,;14,16,;0;4;0;;;260;101;0;2014-11-05 21:20:00;;;;;;;;;;;;;;;Polskaaa;;;;54
14,15,;12,2,;0;0;0;;;255;757;0;2014-11-05 21:40:00;;;;;;;;;;;;;;;;;;;55
12,16,;14,15,;1;0;0;;;9;34;0;2014-11-05 22:00:00;;;;;;;;;;;;;;;obroniony karnyyyy;;;;56
14,3,;2,12,;3;3;0;;;752;265;0;2014-11-12 18:00:00;;1;;;El Paczkowskaneiro;;;;;;2014-11-12;;;;;;;;57
12,4,;3,2,;2;1;0;;;269;255;0;2014-11-12 18:20:00;;;;;;;;;;;;;;;;;;;58
3,4,;12,14,;5;2;0;;;753;50;0;2014-11-12 18:40:00;;;;;;;;;;;;;;;;;;;59
3,12,;2,4,;2;2;0;;;249;101;0;2014-11-12 19:00:00;;;;;;;;;;;;;;;;;;;60
3,12,;14,2,;2;1;0;;;34;29;0;2014-11-12 19:20:00;;;;;;;;;;;;;;;;;;;61
2,12,;14,4,;1;2;0;;;9;258;0;2014-11-12 19:40:00;;;;;;;;;;;;;;;;;;;62
3,4,;12,14,;1;1;0;;;169;17;0;2014-11-12 20:00:00;;;;;;;;;;;;;;;;;;;63
3,14,;12,4,;2;2;0;;;735;439;0;2014-11-12 20:20:00;;;;;;;;;;;;;;;;;;;64
2,3,;4,14,;1;1;0;;;260;1;0;2014-11-12 20:40:00;;;;;;;;;;;;;;;;;;;65
3,4,;14,2,;2;1;0;;;33;261;0;2014-11-12 21:00:00;;;;;;;;;;;;;;;;;;;66
3,14,;2,4,;0;2;0;;;751;751;0;2014-11-12 21:20:00;;;;;;;;;;;;;;;;;;;67
2,4,;15,6,;1;1;0;;;753;102;0;2014-12-03 18:00:00;;1;;;El Paczkowskaneiro;;;;;;2014-12-03;;;;;;;;68
4,15,;2,13,;2;1;0;;;107;752;0;2014-12-03 18:20:00;;;;;;;;;;;;;;;;;;;69
2,15,;4,6,;0;4;0;;;29;17;0;2014-12-03 18:40:00;;;;;;;;;;;;;;;;;;;70
2,6,;15,4,;2;1;0;;;265;33;0;2014-12-03 19:00:00;;;;;;;;;;;;;;;;;;;71
2,6,;15,13,;1;2;0;;;269;255;0;2014-12-03 19:20:00;;;;;;;;;;;;;;;;;;;72
4,6,;2,15,;0;1;0;;;1;755;0;2014-12-03 19:40:00;;;;;;;;;;;;;;;;;;;73
4,2,;6,15,;3;3;0;;;249;103;0;2014-12-03 20:00:00;;;;;;;;;;;;;;;Emocje rokuuuuu;;;;74
6,2,;4,15,;0;0;0;;;760;34;0;2014-12-03 20:20:00;;;;;;;;;;;;;;;;;;;75
4,2,;6,15,;2;0;0;;;735;83;0;2014-12-03 20:40:00;;;;;;;;;;;;;;;;;;;76
4,2,;6,7,;3;1;0;;;7;751;0;2014-12-03 21:00:00;;;;;;;;;;;;;;;;;;;77
6,4,;7,2,;2;1;0;;;228;529;0;2014-12-03 21:20:00;;;;;;;;;;;;;;;;;;;78
2,6,;4,7,;2;0;0;;;9;101;0;2014-12-03 21:40:00;;;;;;;;;;;;;;;;;;;79
4,2,;6,7,;2;1;0;;;169;27;0;2014-12-03 22:00:00;;;;;;;;;;;;;;;;;;;80
7,2,;4,6,;0;5;0;;;705;260;0;2014-12-03 22:20:00;;;;;;;;;;;;;;;;;;;81
4,7,;2,6,;1;4;0;;;261;744;0;2014-12-03 22:40:00;;;;;;;;;;;;;;;;;;;82
13,7,;4,2,;2;6;0;;;711;751;0;2014-12-03 23:00:00;;;;;;;;;;;;;;;;;;;83
2,15,;27,4,;0;1;0;;;20;19;0;2014-12-10 18:00:00;;1;;;El Paczkowskaneiro;;;;;;2014-12-10;;;;;;;;84
2,4,;3,15,;2;0;0;;;752;256;0;2014-12-10 18:20:00;;;;;;;;;;;;;;;;;;;85
3,4,;15,27,;1;1;0;;;102;103;0;2014-12-10 18:40:00;;;;;;;;;;;;;;;;;;;86
3,2,;27,15,;3;2;0;;;760;11;0;2014-12-10 19:00:00;;;;;;;;;;;;;;;;;;;87
2,27,;4,3,;0;3;0;;;10;50;0;2014-12-10 19:20:00;;;;;;;;;;;;;;;;;;;88
15,2,;27,3,;0;0;0;;;17;33;0;2014-12-10 19:40:00;;;;;;;;;;;;;;;;;;;89
2,3,;4,15,;2;1;0;;;6;101;0;2014-12-10 20:00:00;;;;;;;;;;;;;;;;;;;90
4,3,;27,15,;1;1;0;;;1;269;0;2014-12-10 20:20:00;;;;;;;;;;;;;;;;;;;91
15,2,;13,3,;4;0;0;;;753;260;0;2014-12-10 20:40:00;;;;;;;;;;;;;;;;;;;92
3,7,;6,4,;1;3;0;;;378;424;0;2014-12-10 21:00:00;;;;;;;;;;;;;;;;;;;93
2,15,;7,6,;3;2;0;;;265;255;0;2014-12-10 21:20:00;;;;;;;;;;;;;;;;;;;94
15,4,;2,6,;4;1;0;;;258;439;0;2014-12-10 21:40:00;;;;;;;;;;;;;;;;;;;95
4,2,;15,7,;2;2;0;;;34;27;0;2014-12-10 22:00:00;;;;;;;;;;;;;;;;;;;96
4,7,;2,6,;2;3;0;;;46;169;0;2014-12-10 22:20:00;;;;;;;;;;;;;;;;;;;97
7,2,;4,6,;1;2;0;;;249;261;0;2014-12-10 22:40:00;;;;;;;;;;;;;;;;;;;98
4,2,;6,7,;2;3;0;;;9;705;0;2014-12-10 23:00:00;;;;;;;;;;;;;;;Ronaldińjooooo;;;;99
6,2,;4,7,;5;3;0;;;454;7;0;2014-12-10 23:20:00;;;;;;;;;;;;;;;;;;;100
7,2,;6,4,;3;2;0;;;32;711;0;2014-12-10 23:40:00;;;;;;;;;;;;;;;;;;;101
4,2,;6,7,;1;3;0;;;135;755;0;2014-12-11 00:00:00;;;;;;;;;;;;;;;;;;;102
6,2,;4,7,;1;2;0;;;751;751;0;2014-12-11 00:20:00;;;;;;;;;;;;;;;;;;;103
2,3,;4,15,;1;1;0;;;33;103;0;2015-01-07 18:00:00;;1;1;;El Paczkowskaneiro;;https://i.ibb.co/X5dCKDB/2015-removebg-preview.png;;;;2015-01-07;2015-01-07;;;;POINTS_PER_MATCH;;;104
2,16,;14,4,;0;2;0;;;102;760;0;2015-01-07 18:20:00;;;;;;;;;;;;;;;;;;;105
16,3,;15,8,;1;0;0;;;20;6;0;2015-01-07 18:40:00;;;;;;;;;;;;;;;;;;;106
2,4,;16,8,;3;1;0;;;752;10;0;2015-01-07 19:00:00;;;;;;;;;;;;;;;;;;;107
15,3,;14,8,;3;0;0;;;50;11;0;2015-01-07 19:20:00;;;;;;;;;;;;;;;;;;;108
2,16,;4,3,;1;1;0;;;751;751;0;2015-01-07 19:40:00;;;;;;;;;;;;;;;;;;;109
2,14,;8,4,;1;2;0;;;265;256;0;2015-01-07 20:00:00;;;;;;;;;;;;;;;bramkarokuuuuuuuuuuuuuuuuuuuuuuuu rojsik;;;;110
15,16,;3,14,;2;0;0;;;249;258;0;2015-01-07 20:20:00;;;;;;;;;;;;;;;;;;;111
15,3,;16,14,;1;2;0;;;269;439;0;2015-01-07 20:40:00;;;;;;;;;;;;;;;;;;;112
8,3,;7,6,;0;1;0;;;1;34;0;2015-01-07 21:00:00;;;;;;;;;;;;;;;;;;;113
16,2,;14,4,;1;0;0;;;83;735;0;2015-01-07 21:20:00;;;;;;;;;;;;;;;;;;;114
7,4,;6,2,;2;2;0;;;751;751;0;2015-01-07 21:40:00;;;;;;;;;;;;;;;CZEMUUUUU ROKU. Podcial roku;;;;115
7,4,;2,6,;1;1;0;;;751;751;0;2015-01-07 22:00:00;;;;;;;;;;;;;;;;;;;116
7,2,;4,6,;0;0;0;;;751;751;0;2015-01-07 22:20:00;;;;;;;;;;;;;;;;;;;117
2,4,;6,7,;1;3;0;;;751;751;0;2015-01-07 22:40:00;;;;;;;;;;;;;;;;;;;118
7,4,;6,2,;3;1;0;;;751;751;0;2015-01-07 23:00:00;;;;;;;;;;;;;;;;;;;119
4,6,;7,2,;3;0;0;;;751;751;0;2015-01-07 23:20:00;;;;;;;;;;;;;;;;;;;120
2,4,;7,6,;1;1;0;;;751;751;0;2015-01-07 23:40:00;;;;;;;;;;;;;;;;;;;121
4,17,;16,6,;0;1;0;;;760;6;0;2015-01-14 18:00:00;;1;;;El Paczkowskaneiro;;;;;;2015-01-14;;;;;;;;122
2,13,;3,14,;0;1;0;;;19;11;0;2015-01-14 18:20:00;;;;;;;;;;;;;;;;;;;123
6,17,;4,16,;2;2;0;;;10;20;0;2015-01-14 18:40:00;;;;;;;;;;;;;;;;;;;124
3,6,;2,14,;3;1;0;;;102;103;0;2015-01-14 19:00:00;;;;;;;;;;;;;;;;;;;125
17,16,;3,4,;1;0;0;;;256;752;0;2015-01-14 19:20:00;;;;;;;;;;;;;;;;;;;126
2,14,;7,6,;1;0;0;;;1;101;0;2015-01-14 19:40:00;;;;;;;;;;;;;;;;;;;127
4,17,;16,3,;0;0;0;;;50;33;0;2015-01-14 20:00:00;;;;;;;;;;;;;;;;;;;128
14,6,;7,13,;2;0;0;;;249;269;0;2015-01-14 20:20:00;;;;;;;;;;;;;;;;;;;129
16,2,;3,17,;1;2;0;;;265;753;0;2015-01-14 20:40:00;;;;;;;;;;;;;;;;;;;130
14,7,;6,13,;1;1;0;;;755;439;0;2015-01-14 21:00:00;;;;;;;;;;;;;;;;;;;131
2,4,;7,16,;4;1;0;;;250;29;0;2015-01-14 21:20:00;;;;;;;;;;;;;;;;;;;132
7,2,;14,13,;1;0;0;;;83;17;0;2015-01-14 21:40:00;;;;;;;;;;;;;;;;;;;133
16,2,;4,7,;0;2;0;;;454;34;0;2015-01-14 22:00:00;;;;;;;;;;;;;;;;;;;134
4,2,;6,13,;1;0;0;;;19;760;0;2015-01-21 18:00:00;;1;;;El Paczkowskaneiro;;;;;;2015-01-21;;;;;;;;135
13,2,;4,6,;0;1;0;;;20;256;0;2015-01-21 18:20:00;;;;;;;;;;;;;;;;;;;136
2,6,;13,4,;4;0;0;;;103;102;0;2015-01-21 18:40:00;;;;;;;;;;;;;;;;;;;137
4,2,;13,6,;4;1;0;;;751;751;0;2015-01-21 19:00:00;;;;;;;;;;;;;;;festiwal czerwaaaaaa;;;;138
4,6,;13,2,;2;0;0;;;751;751;0;2015-01-21 19:20:00;;;;;;;;;;;;;;;;;;;139
4,13,;2,6,;1;6;0;;;751;751;0;2015-01-21 19:40:00;;;;;;;;;;;;;;;gol jak chuj.;;;;140
4,1,;2,15,;0;0;0;;;9;19;0;2015-02-25 18:00:00;;1;;;El Paczkowskaneiro;;;;;;2015-02-25;;;;;;;;141
4,13,;2,1,;1;2;0;;;760;20;0;2015-02-25 18:20:00;;;;;;;;;;;;;;;;;;;142
15,13,;4,2,;0;3;0;;;103;265;0;2015-02-25 18:40:00;;;;;;;;;;;;;;;2 bramki z doopy;;;;143
2,6,;4,1,;4;1;0;;;102;101;0;2015-02-25 19:00:00;;;;;;;;;;;;;;;;;;;144
6,4,;1,13,;4;0;0;;;50;10;0;2015-02-25 19:20:00;;;;;;;;;;;;;;;;;;;145
4,2,;1,6,;0;0;0;;;6;260;0;2015-02-25 19:40:00;;;;;;;;;;;;;;;;;;;146
6,15,;4,13,;2;0;0;;;753;752;0;2015-02-25 20:00:00;;;;;;;;;;;;;;;gorsze niż ledżinsy;;;;147
2,15,;6,13,;3;0;0;;;1;439;0;2015-02-25 20:20:00;;;;;;;;;;;;;;;;;;;148
1,15,;6,13,;1;0;0;;;255;269;0;2015-02-25 20:40:00;;;;;;;;;;;;;;;;;;;149
1,2,;6,15,;1;2;0;;;161;261;0;2015-02-25 21:00:00;;;;;;;;;;;;;;;;;;;150
6,2,;13,15,;4;1;0;;;249;258;0;2015-02-25 21:20:00;;;;;;;;;;;;;;;z doooooooopy;;;;151
2,15,;13,1,;2;1;0;;;756;424;0;2015-02-25 21:40:00;;;;;;;;;;;;;;;;;;;152
13,15,;1,6,;1;3;0;;;751;751;0;2015-02-25 22:00:00;;;;;;;;;;;;;;;taki łysy, a nie wejszło! FER PLEEEJ KURRRWAA;;;;153
2,6,;1,15,;5;1;0;;;751;751;0;2015-02-25 22:20:00;;;;;;;;;;;;;;;;;;;154
6,1,;2,15,;2;0;0;;;751;751;0;2015-02-25 22:40:00;;;;;;;;;;;;;;;;;;;155
1,2,;15,6,;0;1;0;;;751;751;0;2015-02-25 23:00:00;;;;;;;;;;;;;;;;;;;156
2,6,;1,13,;6;0;0;;;751;751;0;2015-02-25 23:20:00;;;;;;;;;;;;;;;;;;;157
14,13,;6,2,;2;2;0;;;760;19;0;2015-03-04 18:00:00;;1;;;El Paczkowskaneiro;;;;;;2015-03-04;;;;CANTONAAAAAAAA;;;;158
1,6,;13,16,;4;2;0;;;103;751;0;2015-03-04 18:20:00;;;;;;;;;;;;;;;WARWSZYNIAK ROKU. baret gejl;;;;159
14,2,;16,1,;2;0;0;;;751;751;0;2015-03-04 18:40:00;;;;;;;;;;;;;;;;;;;160
16,14,;13,1,;1;1;0;;;751;751;0;2015-03-04 19:00:00;;;;;;;;;;;;;;;;;;;161
13,2,;6,14,;0;3;0;;;751;751;0;2015-03-04 19:20:00;;;;;;;;;;;;;;;;;;;162
1,2,;6,16,;0;1;0;;;751;751;0;2015-03-04 19:40:00;;;;;;;;;;;;;;;;;;;163
6,2,;14,1,;2;1;0;;;751;751;0;2015-03-04 20:00:00;;;;;;;;;;;;;;;;;;;164
2,16,;13,1,;1;1;0;;;751;751;0;2015-03-04 20:20:00;;;;;;;;;;;;;;;;;;;165
14,16,;13,6,;2;0;0;;;751;751;0;2015-03-04 20:40:00;;;;;;;;;;;;;;;;;;;166
2,16,;1,14,;2;1;0;;;751;751;0;2015-03-04 21:00:00;;;;;;;;;;;;;;;;;;;167
2,16,;6,13,;2;3;0;;;751;751;0;2015-03-04 21:20:00;;;;;;;;;;;;;;;;;;;168
13,14,;1,6,;1;0;0;;;751;751;0;2015-03-04 21:40:00;;;;;;;;;;;;;;;;;;;169
1,6,;14,13,;1;1;0;;;751;751;0;2015-03-04 22:00:00;;;;;;;;;;;;;;;;;;;170
14,16,;6,2,;1;3;0;;;751;751;0;2015-03-04 22:20:00;;;;;;;;;;;;;;;turek skonczył mecz (3:2);;;;171
16,2,;1,13,;4;2;0;;;751;751;0;2015-03-04 22:40:00;;;;;;;;;;;;;;;MANIFiQ dla bramkarza (filmik w archiwum);;;;172
1,16,;14,2,;1;2;0;;;751;751;0;2015-03-04 23:00:00;;;;;;;;;;;;;;;MANIFiQ dla bramkarza (filmik w archiwum);;;;173
3,14,;1,4,;2;1;0;;;760;19;0;2015-03-11 18:00:00;;1;;;El Paczkowskaneiro;;;;;;2015-03-11;;;;;;;;174
1,16,;3,2,;1;2;0;;;102;753;0;2015-03-11 18:20:00;;;;;;;;;;;;;;;;;;;175
2,4,;14,16,;0;0;0;;;103;265;0;2015-03-11 18:40:00;;;;;;;;;;;;;;;;;;;176
14,2,;6,3,;2;1;0;;;6;50;0;2015-03-11 19:00:00;;;;;;;;;;;;;;;;;;;177
1,6,;16,4,;0;0;0;;;751;751;0;2015-03-11 19:20:00;;;;;;;;;;;;;;;;;;;178
6,16,;1,3,;1;0;0;;;751;751;0;2015-03-11 19:40:00;;;;;;;;;;;;;;;;;;;179
4,14,;6,2,;0;0;0;;;751;751;0;2015-03-11 20:00:00;;;;;;;;;;;;;;;;;;;180
6,16,;1,2,;3;1;0;;;751;751;0;2015-03-11 20:20:00;;;;;;;;;;;;;;;;;;;181
4,3,;16,14,;0;0;0;;;751;751;0;2015-03-11 20:40:00;;;;;;;;;;;;;;;;;;;182
4,1,;3,16,;1;2;0;;;751;751;0;2015-03-11 21:00:00;;;;;;;;;;;;;;;;;;;183
1,2,;3,6,;1;1;0;;;751;751;0;2015-03-11 21:20:00;;;;;;;;;;;;;;;;;;;184
16,1,;14,6,;3;1;0;;;751;751;0;2015-03-11 21:40:00;;;;;;;;;;;;;;;;;;;185
2,13,;8,3,;1;1;0;;;751;751;0;2015-03-17 18:00:00;;1;;;El Paczkowskaneiro;;;;;;2015-03-17;;;;;;;;186
4,3,;8,14,;1;0;0;;;751;751;0;2015-03-17 18:20:00;;;;;;;;;;;;;;;;;;;187
2,4,;13,14,;3;0;0;;;751;751;0;2015-03-17 18:40:00;;;;;;;;;;;;;;;;;;;188
8,4,;13,3,;1;3;0;;;751;751;0;2015-03-17 19:00:00;;;;;;;;;;;;;;;;;;;189
2,14,;4,13,;3;1;0;;;751;751;0;2015-03-17 19:20:00;;;;;;;;;;;;;;;;;;;190
1,2,;14,3,;1;0;0;;;751;751;0;2015-03-17 19:40:00;;;;;;;;;;;;;;;;;;;191
3,2,;13,1,;2;1;0;;;751;751;0;2015-03-17 20:00:00;;;;;;;;;;;;;;;;;;;192
1,8,;4,14,;0;1;0;;;751;751;0;2015-03-17 20:20:00;;;;;;;;;;;;;;;;;;;193
4,1,;13,2,;2;1;0;;;751;751;0;2015-03-17 20:40:00;;;;;;;;;;;;;;;;;;;194
3,6,;2,4,;4;2;0;;;19;760;0;2015-03-25 18:00:00;;1;;;El Paczkowskaneiro;;;;;;2015-03-25;;;;;;;;195
2,6,;4,3,;1;0;0;;;103;102;0;2015-03-25 18:20:00;;;;;;;;;;;;;;;;;;;196
2,3,;4,6,;0;2;0;;;751;751;0;2015-03-25 18:40:00;;;;;;;;;;;;;;;;;;;197
4,2,;6,3,;1;3;0;;;751;751;0;2015-03-25 19:00:00;;;;;;;;;;;;;;;;;;;198
4,3,;2,6,;3;1;0;;;751;751;0;2015-03-25 19:20:00;;;;;;;;;;;;;;;;;;;199
4,6,;2,3,;3;2;0;;;751;751;0;2015-03-25 19:40:00;;;;;;;;;;;;;;;;;;;200
2,4,;6,3,;1;1;0;;;751;751;0;2015-03-25 20:00:00;;;;;;;;;;;;;;;;;;;201
3,2,;18,6,;2;3;0;;;760;103;0;2016-10-18 18:00:00;;1;1;;Gajowa;;https://i.ibb.co/BnkW11H/PODA-removebg-preview.png;;;;2016-10-18;2016-10-18;;;bramki z dupy;POINTS_PER_MATCH;Powrót Jebej;https://i.ibb.co/G5kYLn4/nie-ma-futbolu.jpg;202
6,3,;2,18,;2;1;0;;;102;19;0;2016-10-18 18:20:00;;;;;;;;;;;;;;;kurwoooo. Jasiepodddaje;;;;203
1,7,;18,4,;0;3;0;;;11;33;0;2016-10-18 18:40:00;;;;;;;;;;;;;;;turek wyłączony. japierdole bzi bzi bzi;;;;204
3,1,;2,6,;1;2;0;;;735;20;0;2016-10-18 19:00:00;;;;;;;;;;;;;;;sabotujom wszysscy;;;;205
18,1,;4,7,;1;1;0;;;1;6;0;2016-10-18 19:20:00;;;;;;;;;;;;;;;;;;;206
4,3,;7,6,;1;1;0;;;751;751;0;2016-10-18 19:40:00;;;;;;;;;;;;;;;;;;;207
2,7,;1,4,;3;1;0;;;269;752;0;2016-10-18 20:00:00;;;;;;;;;;;;;;;;;;;208
6,1,;18,3,;2;1;0;;;751;751;0;2016-10-18 20:20:00;;;;;;;;;;;;;;;;;;;209
4,7,;20,18,;6;1;0;;;760;103;0;2016-10-27 18:00:00;;1;;;Gajowa;;;;;;2016-10-27;;;;sabotaż navas.  jednak nie. {kurwa}szeptem. nic dzisiaj nie idzie (5:0);;;;210
18,2,;6,4,;0;2;0;;;19;102;0;2016-10-27 18:20:00;;;;;;;;;;;;;;;i to będzie czerwona? nie, spalony;;;;211
2,7,;20,6,;2;0;0;;;6;10;0;2016-10-27 18:40:00;;;;;;;;;;;;;;;no look strzał;;;;212
1,20,;19,7,;0;2;0;;;753;33;0;2016-10-27 19:00:00;;;;;;;;;;;;;;;no. no. no.;;;;213
19,4,;18,1,;0;1;0;;;751;751;0;2016-10-27 19:20:00;;;;;;;;;;;;;;;jebani Cavani;;;;214
6,1,;2,19,;4;0;0;;;751;751;0;2016-10-27 19:40:00;;;;;;;;;;;;;;;klasyczny Tatuś;;;;215
20,7,;4,18,;1;2;0;;;751;751;0;2016-10-27 20:00:00;;;;;;;;;;;;;;;naaaaaaaaaaaaannaannaaaaaaaaaaaaaaaaaaaaaaaaaaaaaaaaaaaaaaaaaaaaaaaaaaaaaaaaaaaaaaaaaaaaaa… . Rafył upadł po raz pierwszy;;;;216
2,6,;1,19,;2;3;0;;;751;751;0;2016-10-27 20:20:00;;;;;;;;;;;;;;;nie ba;;;;217
2,18,;7,4,;0;0;0;;;250;265;0;2016-10-27 20:40:00;;;;;;;;;;;;;;;mecz skopoju. najlepszy mecz w historii;;;;218
1,19,;4,2,;1;1;0;;;751;751;0;2016-10-27 21:00:00;;;;;;;;;;;;;;;tak blisko  tak daleko. cichaj;;;;219
2,1,;19,6,;2;1;0;;;17;83;0;2016-10-27 21:20:00;;;;;;;;;;;;;;;stojdobrachuj;;;;220
19,7,;4,6,;0;5;0;;;760;758;0;2016-11-03 18:00:00;;1;;;Gajowa;;;;;;2016-11-03;;;;;;;;221
4,19,;7,2,;0;2;0;;;752;255;0;2016-11-03 18:20:00;;;;;;;;;;;;;;;co mnie zzmasturbowal;;;;222
6,2,;7,4,;2;2;0;;;19;705;0;2016-11-03 18:40:00;;;;;;;;;;;;;;;;;;;223
4,2,;19,6,;1;2;0;;;6;250;0;2016-11-03 19:00:00;;;;;;;;;;;;;;;;;;;224
6,4,;2,19,;4;1;0;;;1;256;0;2016-11-03 19:20:00;;;;;;;;;;;;;;;;;;;225
19,4,;6,2,;2;4;0;;;751;751;0;2016-11-03 19:40:00;;;;;;;;;;;;;;;;;;;226
2,19,;6,21,;0;4;0;;;751;751;0;2016-11-03 20:00:00;;;;;;;;;;;;;;;;;;;227
4,21,;6,19,;2;0;0;;;751;751;0;2016-11-03 20:20:00;;;;;;;;;;;;;;;;;;;228
6,4,;2,21,;0;2;0;;;751;751;0;2016-11-03 20:40:00;;;;;;;;;;;;;;;;;;;229
21,19,;2,6,;0;4;0;;;751;751;0;2016-11-03 21:00:00;;;;;;;;;;;;;;;;;;;230
4,2,;21,19,;3;3;0;;;751;751;0;2016-11-03 21:20:00;;;;;;;;;;;;;;;;;;;231
21,2,;4,19,;2;3;0;;;751;751;0;2016-11-03 21:40:00;;;;;;;;;;;;;;;;;;;232
3,4,;6,2,;2;1;0;;;751;751;0;2016-11-17 18:00:00;;1;;;Gajowa;;;;;;2016-11-17;;;;;;;;233
4,2,;3,6,;1;0;0;;;751;751;0;2016-11-17 18:20:00;;;;;;;;;;;;;;;;;;;234
4,6,;3,2,;1;0;0;;;751;751;0;2016-11-17 18:40:00;;;;;;;;;;;;;;;mooooojjjajaaaaaa;;;;235
3,4,;6,2,;2;2;0;;;751;751;0;2016-11-17 19:00:00;;;;;;;;;;;;;;;;;;;236
4,7,;3,6,;0;2;0;;;751;751;0;2016-11-17 19:20:00;;;;;;;;;;;;;;;;;;;237
3,7,;4,6,;0;1;0;;;751;751;0;2016-11-17 19:40:00;;;;;;;;;;;;;;;;;;;238
2,4,;7,6,;2;1;0;;;751;751;0;2016-11-17 20:00:00;;;;;;;;;;;;;;;;;;;239
2,7,;6,3,;3;0;0;;;751;751;0;2016-11-17 20:20:00;;;;;;;;;;;;;;;;;;;240
2,3,;7,4,;0;3;0;;;751;751;0;2016-11-17 20:40:00;;;;;;;;;;;;;;;;;;;241
4,3,;6,2,;1;0;0;;;751;751;0;2016-11-17 21:00:00;;;;;;;;;;;;;;;;;;;242
3,7,;6,4,;0;5;0;;;751;751;0;2016-11-17 21:20:00;;;;;;;;;;;;;;;;;;;243
2,4,;6,7,;0;2;0;;;751;751;0;2016-11-17 21:40:00;;;;;;;;;;;;;;;;;;;244
4,7,;2,6,;2;2;0;;;751;751;0;2016-11-17 22:00:00;;;;;;;;;;;;;;;;;;;245
3,2,;1,4,;4;3;0;;;102;11;0;2017-08-18 18:00:00;;1;1;;Jabłeczna;;;;;;2017-08-18;2017-08-18;;;1 błąd fifofski. 19:38;POINTS_PER_MATCH;;;246
4,3,;19,2,;4;1;0;;;103;19;0;2017-08-18 18:20:00;;;;;;;;;;;;;;;kurwa trzymałech go. łepeeej to;;;;247
4,19,;6,1,;0;1;0;;;255;20;0;2017-08-18 18:40:00;;;;;;;;;;;;;;;najlepsza poprzeczka w historii;;;;248
1,2,;6,3,;1;3;0;;;101;33;0;2017-08-18 19:00:00;;;;;;;;;;;;;;;ubostwo;;;;249
2,4,;19,6,;3;2;0;;;17;269;0;2017-08-18 19:20:00;;;;;;;;;;;;;;;;;;;250
19,1,;6,3,;1;2;0;;;250;265;0;2017-08-18 19:40:00;;;;;;;;;;;;;;;KEBIEN! jestem slaskiem wroclaw. ciulaskko;;;;251
6,4,;2,3,;3;2;0;;;705;261;0;2017-08-18 20:00:00;;;;;;;;;;;;;;;po prostu Radzia. Czcionke. Świeżak;;;;252
4,19,;2,6,;0;2;0;;;50;6;0;2017-08-18 20:20:00;;;;;;;;;;;;;;;hose czcionke;;;;253
1,4,;2,19,;1;2;0;;;9;1;0;2017-08-18 20:40:00;;;;;;;;;;;;;;;;;;;254
1,2,;19,6,;2;2;0;;;735;752;0;2017-08-18 21:00:00;;;;;;;;;;;;;;;to jest bariera psychologiczna;;;;255
6,4,;1,19,;2;0;0;;;751;751;0;2017-08-18 21:20:00;;;;;;;;;;;;;;;;;;;256
3,2,;6,19,;5;4;0;;;760;103;0;2017-08-24 19:30:00;;1;;;Jabłeczna;;;;;;2017-08-24;;;;niemoznanim. Jezu ja się boje;;;;257
2,19,;4,6,;4;5;0;;;751;751;0;2017-08-24 19:50:00;;;;;;;;;;;;;;;;;;;258
4,3,;6,2,;0;1;0;;;102;265;0;2017-08-24 20:10:00;;;;;;;;;;;;;;;nie mogę już chodzic;;;;259
3,19,;2,4,;3;2;0;;;735;250;0;2017-08-24 20:30:00;;;;;;;;;;;;;;;benciepe;;;;260
19,4,;3,6,;1;1;0;;;11;265;0;2017-08-24 20:50:00;;;;;;;;;;;;;;;KEBIEN!. Kapeć pogbowski;;;;261
2,3,;6,4,;0;0;0;;;261;269;0;2017-08-24 21:10:00;;;;;;;;;;;;;;;;;;;262
3,4,;2,19,;2;1;0;;;20;17;0;2017-08-24 21:30:00;;;;;;;;;;;;;;;Mario cyyyce;;;;263
2,6,;4,19,;2;1;0;;;1;6;0;2017-08-24 21:50:00;;;;;;;;;;;;;;;Musze powiesić pranie. festiwal czerwa;;;;264
3,19,;4,6,;2;5;0;;;33;705;0;2017-08-24 22:10:00;;;;;;;;;;;;;;;;;;;265
1,3,;7,2,;0;1;0;;;760;103;0;2017-10-12 18:00:00;;1;;;Jabłeczna;;;;;;2017-10-12;;;;Nie wychudź;;;;266
4,6,;7,1,;3;8;0;;;19;33;0;2017-10-12 18:20:00;;;;;;;;;;;;;;;;;;;267
4,3,;6,2,;3;1;0;;;6;752;0;2017-10-12 18:40:00;;;;;;;;;;;;;;;po twarogu żeś tak nigdy nie bekoł. Współczynnik wietka. co na czipsach depczesz;;;;268
2,1,;6,7,;2;1;0;;;256;11;0;2017-10-12 19:00:00;;;;;;;;;;;;;;;;;;;269
4,7,;3,6,;0;3;0;;;269;17;0;2017-10-12 19:20:00;;;;;;;;;;;;;;;kurwo sabotazowska;;;;270
2,3,;4,1,;0;1;0;;;255;102;0;2017-10-12 19:40:00;;;;;;;;;;;;;;;;;;;271
1,6,;7,3,;3;3;0;;;101;10;0;2017-10-12 20:00:00;;;;;;;;;;;;;;;;;;;272
2,4,;3,6,;0;0;0;;;735;705;0;2017-10-12 20:20:00;;;;;;;;;;;;;;;;;;;273
2,1,;4,7,;3;1;0;;;20;250;0;2017-10-12 20:40:00;;;;;;;;;;;;;;;;;;;274
4,1,;2,3,;3;2;0;;;1;9;0;2017-10-12 21:00:00;;;;;;;;;;;;;;;życie jest niespodziewalne;;;;275
3,4,;1,2,;1;1;0;;;102;758;0;2017-10-12 21:20:00;;;;;;;;;;;;;;;;;;;276
1,3,;2,4,;1;0;0;;;751;751;0;2017-10-12 21:40:00;;;;;;;;;;;;;;;;;;;277
3,2,;4,1,;5;4;0;;;751;751;0;2017-10-12 22:00:00;;;;;;;;;;;;;;;;;;;278
1,2,;3,4,;2;2;0;;;751;751;0;2017-10-12 22:20:00;;;;;;;;;;;;;;;;;;;279
3,1,;19,4,;2;2;0;;;751;751;0;2017-10-12 22:40:00;;;;;;;;;;;;;;;magia pegyza;;;;280
19,2,;4,1,;3;1;0;;;751;751;0;2017-10-12 23:00:00;;;;;;;;;;;;;;;;;;;281
19,3,;4,2,;3;1;0;;;751;751;0;2017-10-12 23:20:00;;;;;;;;;;;;;;;jestem w mamy cie mamy cie mamy mamy cieeeeee. Śmiechu co nie miara;;;;282
4,2,;6,1,;1;0;0;;;751;751;0;2017-11-08 18:00:00;;1;;;Jabłeczna;;;;;;2017-11-08;;;;;;;;283
4,6,;1,2,;3;0;0;;;751;751;0;2017-11-08 18:20:00;;;;;;;;;;;;;;;;;;;284
1,4,;2,6,;0;2;0;;;102;103;0;2017-11-08 18:40:00;;;;;;;;;;;;;;;;;;;285
19,2,;7,4,;3;3;0;;;17;705;0;2017-11-08 19:00:00;;;;;;;;;;;;;;;iniesta sendziuje;;;;286
1,19,;6,7,;0;3;0;;;752;265;0;2017-11-08 19:20:00;;;;;;;;;;;;;;;;;;;287
3,2,;6,4,;0;1;0;;;9;6;0;2017-11-08 19:40:00;;;;;;;;;;;;;;;;;;;288
3,1,;19,7,;3;1;0;;;10;11;0;2017-11-08 20:00:00;;;;;;;;;;;;;;;szczupoooooooooooooooooool;;;;289
2,7,;19,6,;1;4;0;;;32;735;0;2017-11-08 20:20:00;;;;;;;;;;;;;;;;;;;290
2,1,;3,4,;2;3;0;;;751;751;0;2017-11-08 20:40:00;;;;;;;;;;;;;;;;;;;291
6,2,;19,4,;2;1;0;;;751;751;0;2017-11-08 21:00:00;;;;;;;;;;;;;;;;;;;292
1,6,;7,19,;3;3;0;;;751;751;0;2017-11-08 21:20:00;;;;;;;;;;;;;;;;;;;293
18,6,;3,1,;5;0;0;;;103;10;0;2017-11-22 18:00:00;;1;;;Jabłeczna;;;;;;2017-11-22;;;;yy zapisz skunowi 3 punkty dokońca. ja pierdole dramat;;;;294
4,18,;6,2,;2;6;0;;;102;19;0;2017-11-22 18:20:00;;;;;;;;;;;;;;;;;;;295
4,1,;2,18,;2;0;0;;;33;50;0;2017-11-22 18:40:00;;;;;;;;;;;;;;;współczynnik wietkowania;;;;296
6,1,;3,2,;2;3;0;;;752;11;0;2017-11-22 19:00:00;;;;;;;;;;;;;;;;;;;297
4,6,;18,3,;3;2;0;;;751;751;0;2017-11-22 19:20:00;;;;;;;;;;;;;;;;;;;298
2,1,;4,3,;2;2;0;;;255;265;0;2017-11-22 19:40:00;;;;;;;;;;;;;;;;;;;299
18,1,;6,3,;0;3;0;;;261;269;0;2017-11-22 20:00:00;;;;;;;;;;;;;;;;;;;300
2,4,;6,18,;1;2;0;;;705;32;0;2017-11-22 20:20:00;;;;;;;;;;;;;;;;;;;301
1,4,;2,3,;2;2;0;;;1;9;0;2017-11-22 20:40:00;;;;;;;;;;;;;;;;;;;302
3,4,;1,2,;0;5;0;;;20;250;0;2017-11-22 21:00:00;;;;;;;;;;;;;;;;;;;303
6,4,;18,2,;1;4;0;;;258;256;0;2017-11-22 21:20:00;;;;;;;;;;;;;;;;;;;304
18,2,;1,3,;3;0;0;;;19;102;0;2017-12-01 18:00:00;;1;;;Jabłeczna;;;;;;2017-12-01;;;;niewiej 1 zolto 1 czerwo. wietej 1 zolto;;;;305
4,2,;3,18,;3;3;0;;;50;103;0;2017-12-01 18:20:00;;;;;;;;;;;;;;;garlinio zolto wietej zolto. maras zolto;;;;306
18,1,;3,4,;1;1;0;;;17;33;0;2017-12-01 18:40:00;;;;;;;;;;;;;;;;;;;307
2,1,;4,18,;0;0;0;;;10;11;0;2017-12-01 19:00:00;;;;;;;;;;;;;;;;;;;308
2,3,;1,4,;0;0;0;;;255;265;0;2017-12-01 19:20:00;;;;;;;;;;;;;;;czerwo wietej. niwiej zolto;;;;309
4,3,;18,1,;1;1;0;;;6;752;0;2017-12-01 19:40:00;;;;;;;;;;;;;;;;;;;310
18,2,;3,1,;4;2;0;;;9;1;0;2017-12-01 20:00:00;;;;;;;;;;;;;;;;;;;311
2,3,;18,4,;0;1;0;;;20;249;0;2017-12-01 20:20:00;;;;;;;;;;;;;;;;;;;312
3,18,;1,2,;2;1;0;;;735;711;0;2017-12-01 20:40:00;;;;;;;;;;;;;;;;;;;313
2,4,;1,18,;2;2;0;;;705;46;0;2017-12-01 21:00:00;;;;;;;;;;;;;;;;;;;314
2,1,;4,18,;3;1;0;;;19;103;0;2017-12-13 18:00:00;;1;;;Jabłeczna;;;;;;2017-12-13;;;;;;;;315
6,4,;18,2,;1;0;0;;;11;250;0;2017-12-13 18:20:00;;;;;;;;;;;;;;;;;;;316
1,7,;19,6,;1;1;0;;;752;255;0;2017-12-13 18:40:00;;;;;;;;;;;;;;;;;;;317
7,4,;18,19,;1;3;0;;;50;17;0;2017-12-13 19:00:00;;;;;;;;;;;;;;;;;;;318
6,1,;7,2,;1;0;0;;;102;261;0;2017-12-13 19:20:00;;;;;;;;;;;;;;;;;;;319
1,18,;19,4,;1;2;0;;;249;9;0;2017-12-13 19:40:00;;;;;;;;;;;;;;;;;;;320
7,19,;6,2,;1;2;0;;;33;705;0;2017-12-13 20:00:00;;;;;;;;;;;;;;;;;;;321
4,1,;6,18,;1;0;0;;;256;265;0;2017-12-13 20:20:00;;;;;;;;;;;;;;;;;;;322
6,7,;2,19,;0;0;0;;;20;10;0;2017-12-13 20:40:00;;;;;;;;;;;;;;;;;;;323
4,2,;19,1,;1;1;0;;;439;101;0;2017-12-13 21:00:00;;;;;;;;;;;;;;;;;;;324
2,1,;4,18,;0;1;0;;;735;1;0;2017-12-13 21:20:00;;;;;;;;;;;;;;;;;;;325
18,1,;4,19,;3;0;0;;;751;751;0;2017-12-13 21:40:00;;;;;;;;;;;;;;;;;;;326
3,22,;7,4,;0;2;0;;;19;103;0;2018-01-31 18:00:00;;1;1;;Jabłeczna;;;;;;2018-01-31;2018-01-31;;;;POINTS_PER_MATCH;;;327
4,3,;22,2,;2;0;0;;;751;33;0;2018-01-31 18:20:00;;;;;;;;;;;;;;;;;;;328
2,3,;22,7,;3;0;0;;;752;50;0;2018-01-31 18:40:00;;;;;;;;;;;;;;;;;;;329
2,7,;4,22,;1;1;0;;;11;6;0;2018-01-31 19:00:00;;;;;;;;;;;;;;;;;;;330
4,3,;22,1,;5;2;0;;;10;17;0;2018-01-31 19:20:00;;;;;;;;;;;;;;;;;;;331
2,4,;7,1,;0;1;0;;;161;102;0;2018-01-31 19:40:00;;;;;;;;;;;;;;;;;;;332
3,7,;2,1,;2;4;0;;;250;265;0;2018-01-31 20:00:00;;;;;;;;;;;;;;;;;;;333
2,22,;1,4,;1;4;0;;;101;249;0;2018-01-31 20:20:00;;;;;;;;;;;;;;;;;;;334
22,7,;1,3,;1;2;0;;;269;255;0;2018-01-31 20:40:00;;;;;;;;;;;;;;;;;;;335
2,7,;3,4,;4;1;0;;;10;1;0;2018-01-31 21:00:00;;;;;;;;;;;;;;;;;;;336
22,4,;1,2,;0;2;0;;;9;751;0;2018-01-31 21:20:00;;;;;;;;;;;;;;;;;;;337
6,3,;4,2,;0;4;0;;;103;50;0;2018-02-07 18:00:00;;1;;;Jabłeczna;;;;;;2018-02-07;;;;;;;;338
4,6,;7,3,;1;0;0;;;102;19;0;2018-02-07 18:20:00;;;;;;;;;;;;;;;;;;;339
3,2,;4,7,;1;0;0;;;11;17;0;2018-02-07 18:40:00;;;;;;;;;;;;;;;;;;;340
7,6,;4,3,;1;0;0;;;249;10;0;2018-02-07 19:00:00;;;;;;;;;;;;;;;;;;;341
6,4,;2,7,;3;2;0;;;752;250;0;2018-02-07 19:20:00;;;;;;;;;;;;;;;;;;;342
4,2,;7,6,;1;1;0;;;255;256;0;2018-02-07 19:40:00;;;;;;;;;;;;;;;;;;;343
6,2,;7,4,;1;3;0;;;33;1;0;2018-02-07 20:00:00;;;;;;;;;;;;;;;;;;;344
7,2,;4,6,;2;3;0;;;751;751;0;2018-02-07 20:20:00;;;;;;;;;;;;;;;;;;;345
2,18,;4,1,;3;1;0;;;50;103;0;2018-02-15 18:00:00;;1;;;Jabłeczna;;;;;;2018-02-15;;;;;;;;346
2,6,;3,4,;3;1;0;;;19;1;0;2018-02-15 18:20:00;;;;;;;;;;;;;;;;;;;347
6,1,;3,18,;2;1;0;;;10;11;0;2018-02-15 18:40:00;;;;;;;;;;;;;;;;;;;348
2,4,;1,3,;3;2;0;;;101;250;0;2018-02-15 19:00:00;;;;;;;;;;;;;;;;;;;349
18,1,;3,6,;2;3;0;;;33;255;0;2018-02-15 19:20:00;;;;;;;;;;;;;;;;;;;350
18,2,;6,4,;0;2;0;;;751;751;0;2018-02-15 19:40:00;;;;;;;;;;;;;;;;;;;351
18,4,;2,1,;2;2;0;;;751;751;0;2018-02-15 20:00:00;;;;;;;;;;;;;;;;;;;352
2,3,;1,4,;3;1;0;;;751;751;0;2018-02-15 20:20:00;;;;;;;;;;;;;;;;;;;353
18,1,;2,3,;2;5;0;;;751;751;0;2018-02-15 20:40:00;;;;;;;;;;;;;;;;;;;354
3,6,;4,1,;2;1;0;;;103;249;0;2018-02-21 18:00:00;;1;;;Jabłeczna;;;;;;2018-02-21;;;;;;;;355
1,6,;3,4,;1;2;0;;;10;11;0;2018-02-21 18:20:00;;;;;;;;;;;;;;;;;;;356
6,4,;2,19,;5;1;0;;;17;19;0;2018-02-21 18:40:00;;;;;;;;;;;;;;;;;;;357
19,3,;1,2,;0;4;0;;;6;752;0;2018-02-21 19:00:00;;;;;;;;;;;;;;;;;;;358
2,6,;1,19,;2;0;0;;;751;751;0;2018-02-21 19:20:00;;;;;;;;;;;;;;;;;;;359
2,3,;19,4,;1;3;0;;;255;265;0;2018-02-21 19:40:00;;;;;;;;;;;;;;;;;;;360
3,1,;19,6,;1;0;0;;;102;33;0;2018-02-21 20:00:00;;;;;;;;;;;;;;;;;;;361
2,7,;1,10,;1;0;0;;;19;10;0;2018-02-23 18:00:00;;1;;;Jabłeczna;;;;;;2018-02-23;;;;;;;;362
3,10,;4,7,;1;4;0;;;9;17;0;2018-02-23 18:20:00;;;;;;;;;;;;;;;;;;;363
4,3,;2,1,;2;2;0;;;752;50;0;2018-02-23 18:40:00;;;;;;;;;;;;;;;;;;;364
3,2,;10,7,;1;0;0;;;250;103;0;2018-02-23 19:00:00;;;;;;;;;;;;;;;;;;;365
1,7,;4,10,;1;2;0;;;6;249;0;2018-02-23 19:20:00;;;;;;;;;;;;;;;;;;;366
3,7,;2,10,;0;0;0;;;255;751;0;2018-02-23 19:40:00;;;;;;;;;;;;;;;;;;;367
4,2,;1,3,;2;0;0;;;1;265;0;2018-02-23 20:00:00;;;;;;;;;;;;;;;;;;;368
1,4,;3,2,;0;0;0;;;11;255;0;2018-02-23 20:20:00;;;;;;;;;;;;;;;;;;;369
3,1,;8,18,;3;3;0;;;751;751;0;2018-03-01 18:00:00;;1;;;Jabłeczna;;;;;;2018-03-01;;;;;;;;370
2,8,;4,7,;1;2;0;;;751;751;0;2018-03-01 18:20:00;;;;;;;;;;;;;;;;;;;371
3,18,;1,4,;3;2;0;;;751;751;0;2018-03-01 18:40:00;;;;;;;;;;;;;;;;;;;372
2,1,;8,7,;3;2;0;;;751;751;0;2018-03-01 19:00:00;;;;;;;;;;;;;;;;;;;373
18,4,;7,3,;2;1;0;;;751;751;0;2018-03-01 19:20:00;;;;;;;;;;;;;;;;;;;374
3,8,;2,18,;0;3;0;;;751;751;0;2018-03-01 19:40:00;;;;;;;;;;;;;;;;;;;375
3,4,;1,7,;0;0;0;;;751;751;0;2018-03-01 20:00:00;;;;;;;;;;;;;;;;;;;376
3,4,;7,1,;3;0;0;;;751;751;0;2018-03-01 20:20:00;;;;;;;;;;;;;;;;;;;377
8,4,;2,3,;1;5;0;;;751;751;0;2018-03-01 20:40:00;;;;;;;;;;;;;;;;;;;378
4,2,;18,1,;0;0;0;;;751;751;0;2018-03-01 21:00:00;;;;;;;;;;;;;;;;;;;379
1,3,;7,18,;2;4;0;;;751;751;0;2018-03-01 21:20:00;;;;;;;;;;;;;;;;;;;380
23,3,;6,1,;1;1;0;;;50;103;0;2018-03-07 18:00:00;;1;;;Jabłeczna;;;;;;2018-03-07;;;;;;;;381
3,1,;2,6,;1;2;0;;;19;752;0;2018-03-07 18:20:00;;;;;;;;;;;;;;;;;;;382
2,1,;23,6,;0;0;0;;;751;751;0;2018-03-07 18:40:00;;;;;;;;;;;;;;;;;;;383
6,3,;2,23,;0;1;0;;;17;250;0;2018-03-07 19:00:00;;;;;;;;;;;;;;;;;;;384
10,3,;1,23,;2;2;0;;;265;6;0;2018-03-07 19:20:00;;;;;;;;;;;;;;;;;;;385
10,6,;3,2,;0;1;0;;;33;269;0;2018-03-07 19:40:00;;;;;;;;;;;;;;;;;;;386
7,23,;1,10,;3;0;0;;;1;11;0;2018-03-07 20:00:00;;;;;;;;;;;;;;;;;;;387
2,7,;23,10,;6;0;0;;;9;102;0;2018-03-07 20:20:00;;;;;;;;;;;;;;;;;;;388
1,23,;3,10,;0;0;0;;;751;751;0;2018-03-07 20:40:00;;;;;;;;;;;;;;;;;;;389
10,2,;23,3,;0;0;0;;;751;751;0;2018-03-07 21:00:00;;;;;;;;;;;;;;;;;;;390
2,8,;6,1,;1;1;0;;;19;103;0;2018-03-15 18:00:00;;1;;;Jabłeczna;;;;;;2018-03-15;;;;;;Przedostatnia Kulejka;;391
3,4,;18,7,;3;0;0;;;249;50;0;2018-03-15 18:20:00;;;;;;;;;;;;;;;;;;;392
2,4,;8,7,;4;0;0;;;751;751;0;2018-03-15 18:40:00;;;;;;;;;;;;;;;;;;;393
6,8,;3,1,;0;2;0;;;751;751;0;2018-03-15 19:00:00;;;;;;;;;;;;;;;;;;;394
2,7,;3,18,;2;2;0;;;751;751;0;2018-03-15 19:20:00;;;;;;;;;;;;;;;;;;;395
8,4,;6,7,;1;2;0;;;751;751;0;2018-03-15 19:40:00;;;;;;;;;;;;;;;;;;;396
1,2,;3,19,;1;4;0;;;751;751;0;2018-03-15 20:00:00;;;;;;;;;;;;;;;;;;;397
1,4,;6,19,;3;3;0;;;751;751;0;2018-03-15 20:20:00;;;;;;;;;;;;;;;;;;;398
4,19,;8,18,;2;3;0;;;751;751;0;2018-03-15 20:40:00;;;;;;;;;;;;;;;;;;;399
3,2,;19,18,;3;0;0;;;751;751;0;2018-03-15 21:00:00;;;;;;;;;;;;;;;;;;;400
2,7,;4,1,;3;1;0;;;103;11;0;2018-03-20 18:00:00;;1;;;Jabłeczna;;;;;;2018-03-20;;;;;;Ooostatni;;401
2,19,;4,6,;1;1;0;;;19;17;0;2018-03-20 18:20:00;;;;;;;;;;;;;;;;;;;402
2,6,;3,19,;2;2;0;;;250;752;0;2018-03-20 18:40:00;;;;;;;;;;;;;;;;;;;403
3,1,;4,7,;1;2;0;;;102;1;0;2018-03-20 19:00:00;;;;;;;;;;;;;;;;;;;404
3,6,;1,7,;2;1;0;;;255;269;0;2018-03-20 19:20:00;;;;;;;;;;;;;;;;;;;405
4,3,;19,6,;1;0;0;;;50;10;0;2018-03-20 19:40:00;;;;;;;;;;;;;;;;;;;406
2,1,;7,19,;4;1;0;;;9;101;0;2018-03-20 20:00:00;;;;;;;;;;;;;;;;;;;407
4,19,;1,6,;0;4;0;;;705;249;0;2018-03-20 20:20:00;;;;;;;;;;;;;;;;;;;408
7,3,;2,4,;2;3;0;;;759;261;0;2018-03-20 20:40:00;;;;;;;;;;;;;;;;;;;409
4,23,;3,2,;0;1;0;;;103;19;0;2018-04-19 18:00:00;;1;1;;Gajowicka;;;;;;2018-04-19;2018-04-19;;;;POINTS_PER_MATCH;1Kulejka!!;;410
23,2,;3,4,;2;1;0;;;9;705;0;2018-04-19 18:20:00;;;;;;;;;;;;;;;;;;;411
6,23,;4,2,;3;3;0;;;10;265;0;2018-04-19 18:40:00;;;;;;;;;;;;;;;city vs. przeciwnicy city;;;;412
6,4,;3,23,;2;1;0;;;11;102;0;2018-04-19 19:00:00;;;;;;;;;;;;;;;;;;;413
2,7,;6,10,;0;3;0;;;33;1;0;2018-04-19 19:20:00;;;;;;;;;;;;;;;;;;;414
3,10,;23,7,;0;1;0;;;101;17;0;2018-04-19 19:40:00;;;;;;;;;;;;;;;Pan Japa ('90);;;;415
7,6,;4,10,;4;0;0;;;250;33;0;2018-04-19 20:00:00;;;;;;;;;;;;;;;;;;;416
3,6,;2,10,;5;1;0;;;255;752;0;2018-04-19 20:20:00;;;;;;;;;;;;;;;;;;;417
2,23,;7,4,;0;1;0;;;6;265;0;2018-04-19 20:40:00;;;;;;;;;;;;;;;wietek wychodzi bramkarzem na pierwszy slupek;;;;418
4,6,;7,1,;2;1;0;;;103;752;0;2018-05-15 18:00:00;;1;;;Gajowicka;;;;;;2018-05-15;;;;;;;;419
7,3,;1,2,;1;4;0;;;10;19;0;2018-05-15 18:20:00;;;;;;;;;;;;;;;papapap;;;;420
2,6,;4,3,;2;1;0;;;50;11;0;2018-05-15 18:40:00;;;;;;;;;;;;;;;lukakigol;;;;421
10,7,;1,6,;1;2;0;;;250;255;0;2018-05-15 19:00:00;;;;;;;;;;;;;;;;;;;422
4,7,;1,10,;4;1;0;;;17;50;0;2018-05-15 19:20:00;;;;;;;;;;;;;;;;;;;423
10,3,;2,19,;3;2;0;;;33;9;0;2018-05-15 19:40:00;;;;;;;;;;;;;;;;;;;424
3,6,;7,10,;3;0;0;;;6;1;0;2018-05-15 20:00:00;;;;;;;;;;;;;;;;;;;425
4,1,;19,6,;3;2;0;;;33;735;0;2018-05-15 20:20:00;;;;;;;;;;;;;;;;;;;426
4,10,;19,7,;0;2;0;;;269;705;0;2018-05-15 20:40:00;;;;;;;;;;;;;;;;;;;427
6,7,;1,19,;2;1;0;;;102;256;0;2018-05-15 21:00:00;;;;;;;;;;;;;;;;;;;428
24,4,;1,3,;3;3;0;;;103;752;0;2018-05-23 18:00:00;;1;;;Gajowicka;;;;;;2018-05-23;;;;;;;;429
3,2,;1,4,;3;0;0;;;19;17;0;2018-05-23 18:20:00;;;;;;;;;;;;;;;;;;;430
7,24,;10,2,;0;2;0;;;10;255;0;2018-05-23 18:40:00;;;;;;;;;;;;;;;;;;;431
2,7,;1,10,;2;0;0;;;250;102;0;2018-05-23 19:00:00;;;;;;;;;;;;;;;i prosto na ryj mnie ten odświeżacz;;;;432
3,24,;7,4,;3;2;0;;;265;33;0;2018-05-23 19:20:00;;;;;;;;;;;;;;;;;;;433
2,1,;3,10,;1;2;0;;;33;6;0;2018-05-23 19:40:00;;;;;;;;;;;;;;;;;;;434
7,10,;24,25,;2;0;0;;;9;1;0;2018-05-23 20:00:00;;;;;;;;;;;;;;;;;;;435
3,4,;2,25,;2;0;0;;;11;50;0;2018-05-23 20:20:00;;;;;;;;;;;;;;;;;;;436
25,1,;24,2,;0;4;0;;;256;261;0;2018-05-23 20:40:00;;;;;;;;;;;;;;;;;;;437
4,10,;25,7,;0;1;0;;;269;735;0;2018-05-23 21:00:00;;;;;;;;;;;;;;;;;;;438
3,7,;24,10,;2;0;0;;;705;6;0;2018-05-23 21:20:00;;;;;;;;;;;;;;;yyy nie można sobie zakurzyć;;;;439
5,2,;1,7,;3;2;0;;;261;752;0;2018-06-26 18:00:00;;1;;;Gajowicka;;;;;;2018-06-26;;;;ale nie zielony nie zlewa sie z zoltym;;;;440
4,1,;7,5,;2;0;0;;;255;251;0;2018-06-26 18:20:00;;;;;;;;;;;;;;;;;;;441
1,2,;7,4,;3;0;0;;;250;33;0;2018-06-26 18:40:00;;;;;;;;;;;;;;;;;;;442
5,1,;2,4,;3;3;0;;;751;751;0;2018-06-26 19:00:00;;;;;;;;;;;;;;;;;;;443
4,5,;7,2,;0;0;0;;;256;269;0;2018-06-26 19:20:00;;;;;;;;;;;;;;;;;;;444
7,1,;5,2,;1;1;0;;;755;439;0;2018-06-26 19:40:00;;;;;;;;;;;;;;;;;;;445
2,4,;7,10,;0;0;0;;;1;103;0;2018-07-12 18:00:00;;1;;;Gajowicka;;;;;;2018-07-12;;;;kurwa sunćie dupska kurwa;;;;446
10,2,;4,7,;1;4;0;;;752;17;0;2018-07-12 18:20:00;;;;;;;;;;;;;;;;;;;447
10,4,;7,2,;4;2;0;;;265;10;0;2018-07-12 18:40:00;;;;;;;;;;;;;;;;;;;448
10,7,;4,2,;0;3;0;;;255;6;0;2018-07-12 19:00:00;;;;;;;;;;;;;;;;;;;449
10,2,;4,7,;0;3;0;;;19;33;0;2018-07-12 19:20:00;;;;;;;;;;;;;;;;;;;450
10,4,;2,7,;2;2;0;;;250;261;0;2018-07-12 19:40:00;;;;;;;;;;;;;;;;;;;451
10,7,;2,4,;1;1;0;;;9;705;0;2018-07-12 20:00:00;;;;;;;;;;;;;;;;;;;452
10,2,;7,4,;1;1;0;;;735;265;0;2018-07-12 20:20:00;;;;;;;;;;;;;;;;;;;453
4,10,;7,2,;3;1;0;;;101;32;0;2018-07-12 20:40:00;;;;;;;;;;;;;;;;;;;454
6,5,;24,1,;3;0;0;;;752;103;0;2018-07-26 18:00:00;;1;;;Mosiężna;;;;;;2018-07-26;;;;;;Parapetowa Śpoda;;455
7,3,;2,4,;2;1;0;;;10;250;0;2018-07-26 18:20:00;;;;;;;;;;;;;;;;;;;456
3,1,;4,7,;1;4;0;;;255;17;0;2018-07-26 18:40:00;;;;;;;;;;;;;;;;;;;457
2,6,;5,1,;4;0;0;;;102;19;0;2018-07-26 19:00:00;;;;;;;;;;;;;;;;;;;458
3,4,;7,2,;0;1;0;;;50;1;0;2018-07-26 19:20:00;;;;;;;;;;;;;;;;;;;459
5,3,;1,6,;1;0;0;;;11;33;0;2018-07-26 19:40:00;;;;;;;;;;;;;;;przywilej piłki;;;;460
6,7,;5,2,;6;0;0;;;50;261;0;2018-07-26 20:00:00;;;;;;;;;;;;;;;;;;;461
2,3,;5,4,;0;1;0;;;735;33;0;2018-07-26 20:20:00;;;;;;;;;;;;;;;;;;;462
5,2,;4,6,;1;1;0;;;6;9;0;2018-07-26 20:40:00;;;;;;;;;;;;;;;;;;;463
2,10,;1,4,;2;1;0;;;19;103;0;2018-08-01 18:00:00;;1;;;Mosiężna;;;;;;2018-08-01;;;;;;;;464
4,7,;10,1,;5;0;0;;;17;752;0;2018-08-01 18:20:00;;;;;;;;;;;;;;;cztery niedzieje nananana. Jak w mysło;;;;465
4,10,;7,2,;2;0;0;;;11;1;0;2018-08-01 18:40:00;;;;;;;;;;;;;;;;;;;466
2,1,;7,10,;0;3;0;;;9;33;0;2018-08-01 19:00:00;;;;;;;;;;;;;;;;;;;467
2,4,;10,1,;4;1;0;;;250;705;0;2018-08-01 19:20:00;;;;;;;;;;;;;;;;;;;468
10,2,;4,7,;0;4;0;;;33;255;0;2018-08-01 19:40:00;;;;;;;;;;;;;;;;;;;469
4,25,;7,1,;1;1;0;;;10;6;0;2018-08-01 20:00:00;;;;;;;;;;;;;;;;;;;470
2,4,;25,1,;4;0;0;;;102;261;0;2018-08-01 20:20:00;;;;;;;;;;;;;;;;;;;471
25,7,;4,2,;2;1;0;;;735;50;0;2018-08-01 20:40:00;;;;;;;;;;;;;;;;;;;472
2,1,;5,3,;4;1;0;;;103;10;0;2018-08-14 18:00:00;;1;;;Reja 82/3c - u Marasa;;;;;;2018-08-14;;;;;;;;473
4,6,;19,1,;3;1;0;;;17;752;0;2018-08-14 18:20:00;;;;;;;;;;;;;;;;;;;474
2,3,;5,19,;1;2;0;;;19;9;0;2018-08-14 18:40:00;;;;;;;;;;;;;;;;;;;475
4,2,;6,1,;0;2;0;;;249;255;0;2018-08-14 19:00:00;;;;;;;;;;;;;;;;;;;476
8,7,;1,4,;0;2;0;;;265;33;0;2018-10-10 18:00:00;;1;;;Mosiężna;;;;;;2018-10-10;;;;;;;;477
4,7,;8,2,;1;2;0;;;17;101;0;2018-10-10 18:20:00;;;;;;;;;;;;;;;;;;;478
2,1,;8,3,;2;2;0;;;9;44;0;2018-10-10 18:40:00;;;;;;;;;;;;;;;;;;;479
3,6,;19,4,;3;0;0;;;255;250;0;2018-10-10 19:00:00;;;;;;;;;;;;;;;;;;;480
6,7,;2,19,;1;2;0;;;10;6;0;2018-10-10 19:20:00;;;;;;;;;;;;;;;;;;;481
8,4,;1,3,;2;3;0;;;11;752;0;2018-10-10 19:40:00;;;;;;;;;;;;;;;;;;;482
2,7,;19,6,;1;2;0;;;103;32;0;2018-10-10 20:00:00;;;;;;;;;;;;;;;;;;;483
6,4,;8,19,;4;1;0;;;65;102;0;2018-10-10 20:20:00;;;;;;;;;;;;;;;;;;;484
3,6,;4,7,;1;1;0;;;103;33;0;2018-11-15 18:00:00;;1;;;Mosiężna;;;;;;2018-11-15;;;;;;Kolejka 9.5 - Mecz Polska vs Czechy;;485
2,4,;7,6,;3;2;0;;;255;250;0;2018-11-15 18:20:00;;;;;;;;;;;;;;;;;;;486
2,7,;3,4,;1;2;0;;;10;50;0;2018-11-15 18:40:00;;;;;;;;;;;;;;;;;;;487
6,2,;3,7,;4;1;0;;;9;101;0;2018-11-15 19:00:00;;;;;;;;;;;;;;;;;;;488
7,2,;4,6,;2;1;0;;;735;1;0;2018-11-15 19:20:00;;;;;;;;;;;;;;;;;;;489
7,4,;6,2,;2;2;0;;;751;751;0;2018-11-15 19:40:00;;;;;;;;;;;;;;;;;;;490
7,6,;2,4,;3;2;0;;;751;751;0;2018-11-15 20:00:00;;;;;;;;;;;;;;;;;;;491
8,19,;2,1,;2;2;0;;;250;9;0;2018-12-05 18:00:00;;1;1;;Mosiężna;;https://i.ibb.co/t2gxVy2/logo-fs2-removebg-preview.png;;;;2018-12-05;2018-12-05;;;Dziwok;POINTS_PER_MATCH;;;492
1,19,;2,8,;1;0;0;;;265;33;0;2018-12-05 18:20:00;;;;;;;;;;;;;;;;;;;493
2,19,;8,1,;6;2;0;;;1;10;0;2018-12-05 18:40:00;;;;;;;;;;;;;;;;;;;494
1,19,;2,8,;5;3;0;;;102;255;0;2018-12-05 19:00:00;;;;;;;;;;;;;;;;;;;495
19,2,;1,8,;3;2;0;;;50;261;0;2018-12-05 19:20:00;;;;;;;;;;;;;;;;;;;496
2,1,;19,8,;2;0;0;;;11;6;0;2018-12-05 19:40:00;;;;;;;;;;;;;;;;;;;497
26,1,;4,2,;0;3;0;;;255;17;0;2018-12-20 18:00:00;;1;;;Mosiężna;;;;;;2018-12-20;;;;;;Świąteczna Śpoda;https://i.ibb.co/Jybd4rZ/swaiteczna1.jpg;498
24,2,;26,4,;1;0;0;;;19;50;0;2018-12-20 18:20:00;;;;;;;;;;;;;;;;;;;499
4,1,;26,24,;1;3;0;;;101;11;0;2018-12-20 18:40:00;;;;;;;;;;;;;;;yyyyyyyyyyyyy    ja wywalczyłem ci karnego;;;;500
1,24,;26,2,;4;0;0;;;11;9;0;2018-12-20 19:00:00;;;;;;;;;;;;;;;ruchaj go tam;;;;501
1,2,;26,4,;0;2;0;;;33;10;0;2018-12-20 19:20:00;;;;;;;;;;;;;;;;;;;502
6,2,;1,4,;5;2;0;;;735;103;0;2018-12-20 19:40:00;;;;;;;;;;;;;;;;;;;503
26,2,;6,3,;0;2;0;;;20;1;0;2018-12-20 20:00:00;;;;;;;;;;;;;;;;;;;504
1,26,;4,3,;1;2;0;;;261;6;0;2018-12-20 20:20:00;;;;;;;;;;;;;;;;;;;505
6,26,;2,3,;0;6;0;;;33;32;0;2018-12-20 20:40:00;;;;;;;;;;;;;;;;;;;506
2,26,;4,1,;3;1;0;;;250;256;0;2018-12-20 21:00:00;;;;;;;;;;;;;;;;;;;507
6,4,;1,3,;1;0;0;;;258;102;0;2018-12-20 21:20:00;;;;;;;;;;;;;;;;;;;508
2,3,;6,1,;3;2;0;;;99;711;0;2018-12-20 21:40:00;;;;;;;;;;;;;;;;;;;509
3,2,;1,8,;4;1;0;;;19;10;0;2019-01-03 18:00:00;;1;;;Mosiężna;;;;;;2019-01-03;;;;;;Noworoczna Śpoda;;510
10,1,;8,7,;3;1;0;;;10;11;0;2019-01-03 18:20:00;;;;;;;;;;;;;;;;;;;511
2,7,;3,10,;3;1;0;;;33;17;0;2019-01-03 18:40:00;;;;;;;;;;;;;;;;;;;512
3,8,;6,1,;2;3;0;;;103;102;0;2019-01-03 19:00:00;;;;;;;;;;;;;;;;;;;513
2,19,;6,3,;2;4;0;;;50;261;0;2019-01-03 19:20:00;;;;;;;;;;;;;;;;;;;514
1,19,;7,10,;5;0;0;;;255;1;0;2019-01-03 19:40:00;;;;;;;;;;;;;;;;;;;515
2,8,;19,7,;1;1;0;;;735;6;0;2019-01-03 20:00:00;;;;;;;;;;;;;;;;;;;516
6,2,;8,3,;3;0;0;;;439;101;0;2019-01-03 20:20:00;;;;;;;;;;;;;;;;;;;517
6,19,;7,2,;3;1;0;;;705;32;0;2019-01-03 20:40:00;;;;;;;;;;;;;;;JAP (to pewnie wietek pisał);;;;518
4,2,;3,7,;3;0;0;;;33;10;0;2019-01-09 18:00:00;;1;;;Mosiężna;;;;;;2019-01-09;;;;;;;;519
2,7,;3,8,;3;1;0;;;50;9;0;2019-01-09 18:20:00;;;;;;;;;;;;;;;;;;;520
3,4,;10,8,;5;2;0;;;250;11;0;2019-01-09 18:40:00;;;;;;;;;;;;;;;;;;;521
2,10,;4,7,;1;2;0;;;32;17;0;2019-01-09 19:00:00;;;;;;;;;;;;;;;;;;;522
3,2,;8,7,;2;0;0;;;19;255;0;2019-01-09 19:20:00;;;;;;;;;;;;;;;;;;;523
4,8,;3,10,;1;3;0;;;103;102;0;2019-01-09 19:40:00;;;;;;;;;;;;;;;;;;;524
2,8,;7,10,;2;1;0;;;261;6;0;2019-01-09 20:00:00;;;;;;;;;;;;;;;;;;;525
7,3,;4,10,;2;1;0;;;735;20;0;2019-01-09 20:20:00;;;;;;;;;;;;;;;;;;;526
2,10,;4,8,;0;1;0;;;249;269;0;2019-01-09 20:40:00;;;;;;;;;;;;;;;bardziej defensywnie się nje da;;;;527
7,2,;10,4,;3;0;0;;;1;256;0;2019-01-09 21:00:00;;;;;;;;;;;;;;;;;;;528
3,5,;2,8,;1;0;0;;;9;33;0;2019-02-18 18:00:00;;1;;;Reja 82/3c - u Marasa;;;;;;2019-02-18;;;;;;;https://i.ibb.co/h2sLmn6/spoda-header-red.jpg;529
2,19,;1,5,;1;0;0;;;19;11;0;2019-02-18 18:20:00;;;;;;;;;;;;;;;;;;;530
3,19,;5,6,;2;2;0;;;50;103;0;2019-02-18 18:40:00;;;;;;;;;;;;;;;;;;;531
8,19,;6,1,;0;3;0;;;17;255;0;2019-02-18 19:00:00;;;;;;;;;;;;;;;;;;;532
5,2,;3,1,;1;2;0;;;10;265;0;2019-02-18 19:20:00;;;;;;;;;;;;;;;;;;;533
5,19,;2,6,;0;3;0;;;101;34;0;2019-02-18 19:40:00;;;;;;;;;;;;;;;asysta piontka;;;;534
8,3,;19,1,;1;1;0;;;102;249;0;2019-02-18 20:00:00;;;;;;;;;;;;;;;;;;;535
3,2,;5,8,;2;1;0;;;735;6;0;2019-02-18 20:20:00;;;;;;;;;;;;;;;;;;;536
8,2,;19,5,;0;4;0;;;1;269;0;2019-02-18 20:40:00;;;;;;;;;;;;;;;;;;;537
4,2,;1,7,;2;1;0;;;19;10;0;2019-03-27 18:00:00;;1;;;Mosiężna;;;;;;2019-03-27;;;;50 na 50 dla nas posiadanie piłki w szczałach lepij;;Jubileuszowa Śpoda (50 kolejka);;538
3,4,;8,19,;2;0;0;;;9;33;0;2019-03-27 18:20:00;;;;;;;;;;;;;;;;;;;539
7,19,;8,1,;4;2;0;;;250;50;0;2019-03-27 18:40:00;;;;;;;;;;;;;;;;;;;540
4,6,;3,2,;2;0;0;;;17;11;0;2019-03-27 19:00:00;;;;;;;;;;;;;;;;;;;541
7,8,;19,6,;1;8;0;;;255;261;0;2019-03-27 19:20:00;;;;;;;;;;;;;;;ja mam zawsze racje ale nie zawsze - wietyj 2019;;;;542
2,1,;19,3,;1;1;0;;;249;103;0;2019-03-27 19:40:00;;;;;;;;;;;;;;;;;;;543
8,6,;7,4,;1;2;0;;;258;265;0;2019-03-27 20:00:00;;;;;;;;;;;;;;;;;;;544
2,19,;1,3,;3;1;0;;;256;1;0;2019-03-27 20:20:00;;;;;;;;;;;;;;;;;;;545
6,1,;8,3,;4;1;0;;;101;711;0;2019-03-27 20:40:00;;;;;;;;;;;;;;;;;;;546
4,19,;7,2,;0;1;0;;;735;439;0;2019-03-27 21:00:00;;;;;;;;;;;;;;;akeeeee, zakazany trik bróórwooo;;;;547
6,2,;19,4,;3;0;0;;;32;6;0;2019-03-27 21:20:00;;;;;;;;;;;;;;;;;;;548
2,19,;4,1,;3;1;0;;;19;17;0;2019-04-26 18:00:00;;1;;;Mosiężna;;;;;;2019-04-26;;;;;;;;549
1,2,;19,4,;2;0;0;;;9;10;0;2019-04-26 18:20:00;;;;;;;;;;;;;;;;;;;550
19,1,;4,2,;0;1;0;;;102;33;0;2019-04-26 18:40:00;;;;;;;;;;;;;;;;;;;551
1,4,;19,2,;1;2;0;;;735;50;0;2019-04-26 19:00:00;;;;;;;;;;;;;;;;;;;552
1,2,;19,4,;1;3;0;;;6;705;0;2019-04-26 19:20:00;;;;;;;;;;;;;;;;;;;553
6,2,;3,4,;1;2;0;;;19;17;0;2019-05-09 18:00:00;;1;;;Mosiężna;;;;;;2019-05-09;;;;;;;;554
2,7,;3,6,;2;2;0;;;33;10;0;2019-05-09 18:20:00;;;;;;;;;;;;;;;;;;;555
4,2,;7,3,;1;1;0;;;249;9;0;2019-05-09 18:40:00;;;;;;;;;;;;;;;;;;;556
3,2,;7,6,;1;3;0;;;255;1;0;2019-05-09 19:00:00;;;;;;;;;;;;;;;;;;;557
4,7,;3,6,;0;0;0;;;250;102;0;2019-05-09 19:20:00;;;;;;;;;;;;;;;;;;;558
2,7,;4,6,;0;3;0;;;6;265;0;2019-05-09 19:40:00;;;;;;;;;;;;;;;;;;;559
4,3,;2,6,;3;1;0;;;11;439;0;2019-05-09 20:00:00;;;;;;;;;;;;;;;;;;;560
6,3,;4,7,;3;2;0;;;50;20;0;2019-05-09 20:20:00;;;;;;;;;;;;;;;;;;;561
8,2,;3,4,;0;1;0;;;10;17;0;2019-05-15 18:00:00;;1;;;Mosiężna;;;;;;2019-05-15;;;;;;;;562
3,8,;2,4,;0;3;0;;;265;250;0;2019-05-15 18:20:00;;;;;;;;;;;;;;;;;;;563
2,6,;8,4,;5;0;0;;;33;255;0;2019-05-15 18:40:00;;;;;;;;;;;;;;;co;;;;564
3,2,;6,4,;1;0;0;;;9;249;0;2019-05-15 19:00:00;;;;;;;;;;;;;;;;;;;565
3,8,;4,2,;1;1;0;;;50;19;0;2019-05-15 19:20:00;;;;;;;;;;;;;;;sory kurwo;;;;566
4,8,;3,6,;0;2;0;;;11;1;0;2019-05-15 19:40:00;;;;;;;;;;;;;;;;;;;567
3,2,;8,6,;1;1;0;;;480;761;0;2019-05-15 20:00:00;;;;;;;;;;;;;;;;;;;568
4,2,;8,3,;0;0;0;;;527;762;0;2019-05-15 20:20:00;;;;;;;;;;;;;;;;;;;569
6,2,;3,4,;3;0;0;;;153;21;0;2019-05-15 20:40:00;;;;;;;;;;;;;;;;;;;570
2,3,;5,4,;1;3;0;;;19;33;0;2019-05-22 18:00:00;;1;;;Mosiężna;;;;;;2019-05-22;;;;;;Finałowa Śpoda;;571
4,6,;5,3,;0;0;0;;;17;103;0;2019-05-22 18:20:00;;;;;;;;;;;;;;;;;;;572
2,5,;19,6,;0;2;0;;;255;10;0;2019-05-22 18:40:00;;;;;;;;;;;;;;;;;;;573
3,19,;2,4,;1;3;0;;;249;250;0;2019-05-22 19:00:00;;;;;;;;;;;;;;;;;;;574
6,3,;5,19,;1;2;0;;;34;101;0;2019-05-22 19:20:00;;;;;;;;;;;;;;;;;;;575
2,6,;4,19,;4;1;0;;;102;9;0;2019-05-22 19:40:00;;;;;;;;;;;;;;;;;;;576
3,4,;6,5,;1;1;0;;;50;265;0;2019-05-22 20:00:00;;;;;;;;;;;;;;;bia ła ściana śpiewa z nami;;;;577
3,5,;2,19,;1;4;0;;;261;27;0;2019-05-22 20:20:00;;;;;;;;;;;;;;;;;;;578
6,4,;3,19,;0;1;0;;;1;6;0;2019-05-22 20:40:00;;;;;;;;;;;;;;;;;;;579
6,19,;2,5,;0;0;0;;;258;759;0;2019-05-22 21:00:00;;;;;;;;;;;;;;;;;;;580
6,1,;7,2,;2;2;0;;;10;33;0;2019-06-18 19:05:00;;1;1;;Mosiężna;;https://i.ibb.co/8P9PVVW/f-kwadrat-removebg-preview.png;;;;2019-06-18;2019-06-18;;;;POINTS_PER_MATCH;;https://i.ibb.co/h2sLmn6/spoda-header-red.jpg;581
6,7,;5,3,;4;2;0;;;17;9;0;2019-06-18 19:24:00;;;;;;;;;;;;;;;;;;;582
2,5,;3,24,;0;2;0;;;103;50;0;2019-06-18 19:52:00;;;;;;;;;;;;;;;;;;;583
2,24,;1,7,;2;2;0;;;751;751;0;2019-06-18 20:12:00;;;;;;;;;;;;;;;optyka się zmieniła;;;;584
5,1,;6,3,;2;1;0;;;102;751;0;2019-06-18 20:37:00;;;;;;;;;;;;;;;;;;;585
2,3,;6,24,;1;2;0;;;735;1;0;2019-06-18 20:50:00;;;;;;;;;;;;;;;gramy wasze;;;;586
2,1,;24,5,;1;1;0;;;19;751;0;2019-06-18 21:14:00;;;;;;;;;;;;;;;dobra chuj;;;;587
5,6,;2,24,;2;5;0;;;751;32;0;2019-06-18 21:38:00;;;;;;;;;;;;;;;;;;;588
2,5,;4,3,;2;3;0;;;19;33;0;2019-07-02 20:12:48;;1;;;Mosiężna;;;;;;2019-07-02;;;;;;;;589
2,4,;3,5,;1;0;0;;;17;9;0;2019-07-02 20:37:51;;;;;;;;;;;;;;;;;;;590
3,2,;4,5,;1;0;0;;;751;6;0;2019-07-02 20:56:16;;;;;;;;;;;;;;;;;;;591
2,5,;3,4,;1;1;0;;;10;103;0;2019-07-02 20:57:27;;;;;;;;;;;;;;;;;;;592
3,5,;2,4,;0;0;0;;;34;751;0;2019-07-02 21:52:03;;;;;;;;;;;;;;;;;;;593
2,3,;5,4,;2;1;0;;;751;751;0;2019-07-02 22:10:55;;;;;;;;;;;;;;;;;;;594
3,5,;4,8,;2;1;0;;;19;33;0;2019-07-10 19:55:13;;1;;;Mosiężna;;;;;;2019-07-10;;;;;;Burgerowa Śpoda;https://i.ibb.co/4ZXXLhq/burger.jpg;595
8,3,;5,19,;0;2;0;;;6;9;0;2019-07-10 20:16:41;;;;;;;;;;;;;;;;;;;596
3,19,;4,2,;2;2;0;;;50;17;0;2019-07-10 21:01:22;;;;;;;;;;;;;;;;;;;597
4,5,;2,8,;1;1;0;;;751;751;0;2019-07-10 21:25:12;;;;;;;;;;;;;;;;;;;598
2,3,;8,19,;3;2;0;;;751;735;0;2019-07-10 21:43:47;;;;;;;;;;;;;;;;;;;599
3,5,;4,19,;0;1;0;;;751;751;0;2019-07-10 21:57:35;;;;;;;;;;;;;;;;;;;600
4,5,;2,19,;3;3;0;;;102;10;0;2019-07-10 22:20:02;;;;;;;;;;;;;;;o ty niebieski biurwiu;;;;601
3,5,;2,6,;0;1;0;;;19;33;0;2019-07-17 19:10:38;;1;;;Mosiężna;;;;;;2019-07-17;;;;;;;;602
2,3,;4,5,;1;0;0;;;9;751;0;2019-07-17 19:30:41;;;;;;;;;;;;;;;;;;;603
4,3,;2,5,;0;1;0;;;17;751;0;2019-07-17 19:48:23;;;;;;;;;;;;;;;;;;;604
5,2,;4,7,;2;1;0;;;10;751;0;2019-07-17 20:06:00;;;;;;;;;;;;;;;;;;;605
2,7,;3,6,;0;2;0;;;50;102;0;2019-07-17 20:26:52;;;;;;;;;;;;;;;anoto rok rok;;;;606
4,3,;7,5,;5;2;0;;;751;101;0;2019-07-17 20:46:43;;;;;;;;;;;;;;;;;;;607
6,2,;7,4,;7;1;0;;;32;735;0;2019-07-17 21:06:31;;;;;;;;;;;;;;;oni so zbyt dybzi;;;;608
3,2,;6,5,;1;1;0;;;103;751;0;2019-07-17 21:14:42;;;;;;;;;;;;;;;;;;;609
3,7,;5,4,;0;2;0;;;20;6;0;2019-07-17 21:40:23;;;;;;;;;;;;;;;;;;;610
2,7,;6,4,;2;3;0;;;11;1;0;2019-07-17 22:00:07;;;;;;;;;;;;;;;;;;;611
2,10,;1,5,;2;1;0;;;10;9;0;2020-02-12 18:00:00;;1;1;;Mosiężna;;https://i.ibb.co/74PJv1m/logo-v1.png;;;;2020-02-12;2020-02-12;;;;POINTS_PER_MATCH;Start 9 sezonu;;612
2,6,;4,10,;2;1;0;;;763;764;0;2020-02-12 18:20:00;;;;;;;;;;;;;;;Mecz drużynami 0,5 - gwiazdkowymi;;;;613
6,1,;5,4,;4;4;0;;;250;11;0;2020-02-12 18:40:00;;;;;;;;;;;;;;;Przeciwna drużyna wybiera formację, którą grasz cały mecz;;;;614
4,2,;10,1,;4;1;0;;;103;33;0;2020-02-12 19:00:00;;;;;;;;;;;;;;;Wybieramy dowolną drużynę, do składu wybieramy najstarszych;;;;615
5,10,;6,4,;2;5;0;;;598;260;0;2020-02-12 19:20:00;;;;;;;;;;;;;;;drużyna, która nigdy nic nie wygrała NIGDY NIC KURWA;;;;616
1,2,;5,6,;3;2;0;;;305;6;0;2020-02-12 19:40:00;;;;;;;;;;;;;;;;;;;617
5,2,;1,4,;2;1;0;;;68;767;0;2020-02-12 20:00:00;;;;;;;;;;;;;;;;;;;618
2,5,;10,6,;0;1;0;;;307;765;0;2020-02-12 20:20:00;;;;;;;;;;;;;;;;;;;619
3,5,;8,19,;3;1;0;;;760;758;0;2020-06-24 18:00:00;;1;;;Długa;;;;;;2020-06-24;;;;;;Debiut na Długiej;;620
2,3,;1,5,;2;1;0;;;19;20;0;2020-06-24 18:20:00;;;;;;;;;;;;;;;;;;;621
8,5,;1,19,;2;5;0;;;751;29;0;2020-06-24 18:40:00;;;;;;;;;;;;;;;;;;;622
3,8,;2,19,;1;2;0;;;9;17;0;2020-06-24 19:00:00;;;;;;;;;;;;;;;;;;;623
3,1,;5,2,;1;2;0;;;103;752;0;2020-06-24 19:20:00;;;;;;;;;;;;;;;;;;;624
19,5,;2,8,;2;0;0;;;751;751;0;2020-06-24 19:40:00;;;;;;;;;;;;;;;;;;;625
19,2,;1,8,;2;1;0;;;439;271;0;2020-06-24 20:00:00;;;;;;;;;;;;;;;;;;;626
5,19,;1,2,;2;2;0;;;227;335;0;2020-06-24 20:20:00;;;;;;;;;;;;;;;;;;;627
5,2,;3,4,;5;2;0;;;390;598;0;2020-06-30 18:00:00;;1;;;Długa;;;;;;2020-06-30;;;;;;Powyborcza Śpoda;https://i.ibb.co/27r8Jyq/powyborcza.jpg;628
6,1,;5,19,;2;1;0;;;103;705;0;2020-06-30 18:20:00;;;;;;;;;;;;;;;;;;;629
2,3,;6,4,;4;0;0;;;335;227;0;2020-06-30 18:40:00;;;;;;;;;;;;;;;;;;;630
1,5,;2,19,;0;2;0;;;751;24;0;2020-06-30 19:00:00;;;;;;;;;;;;;;;;;;;631
4,19,;6,3,;2;5;0;;;19;33;0;2020-06-30 19:20:00;;;;;;;;;;;;;;;;;;;632
6,2,;1,4,;0;1;0;;;751;751;0;2020-06-30 19:40:00;;;;;;;;;;;;;;;;;;;633
1,19,;5,4,;4;0;0;;;751;751;0;2020-06-30 20:00:00;;;;;;;;;;;;;;;;;;;634
2,1,;19,5,;1;3;0;;;9;255;0;2020-06-30 20:20:00;;;;;;;;;;;;;;;;;;;635
3,6,;1,8,;7;0;0;;;152;751;0;2022-01-20 20:40:27;;1;1;;Maślicka;;;;;;2022-01-20;2022-01-20;;;;POINTS_PER_MATCH;;;636
2,1,;8,6,;1;2;0;;;751;335;0;2022-01-20 21:25:50;;;;;;;;;;;;;;;;;;;637
2,3,;1,6,;2;1;0;;;20;11;0;2022-01-20 21:31:21;;;;;;;;;;;;;;;;;;;638
3,1,;6,2,;0;6;0;;;751;751;0;2022-01-20 21:46:15;;;;;;;;;;;;;;;;;;;639
1,2,;10,5,;4;1;0;;;102;19;0;2022-02-17 19:28:37;;1;;;Maślicka;;;;;;2022-02-17;;;;;;;;640
7,10,;4,2,;2;2;0;;;6;10;0;2022-02-17 19:29:10;;;;;;;;;;;;;;;;;;;641
5,1,;7,4,;1;2;0;;;751;390;0;2022-02-17 19:48:35;;;;;;;;;;;;;;;;;;;642
7,5,;4,10,;3;2;0;;;18;751;0;2022-02-17 20:23:14;;;;;;;;;;;;;;;;;;;643
7,2,;1,10,;3;2;0;;;479;227;0;2022-02-17 20:34:48;;;;;;;;;;;;;;;;;;;644
7,1,;5,10,;5;2;0;;;326;141;0;2022-02-17 21:44:11;;;;;;;;;;;;;;;;;;;645
1,2,;4,8,;1;1;0;;;261;255;0;2022-06-29 17:42:00;;1;;;Maślicka;;;;;;2022-06-29;;;;Bitu najlepszy zawodnik ŚPODY;;;;646
4,1,;8,2,;2;0;0;;;9;19;0;2022-06-29 18:19:39;;;;;;;;;;;;;;;;;;;647
6,8,;2,4,;2;0;0;;;467;62;0;2022-06-29 18:26:43;;;;;;;;;;;;;;;Bitu najlepszy zawodnik ŚPODY;;;;648
2,6,;4,1,;4;1;0;;;692;227;0;2022-06-29 18:58:58;;;;;;;;;;;;;;;;;;;649
1,8,;6,4,;4;1;0;;;93;578;0;2022-06-29 19:14:12;;;;;;;;;;;;;;;Pierwszy hattrick Bita w historii;;;;650
6,1,;8,2,;2;0;0;;;33;735;0;2022-06-29 19:37:20;;;;;;;;;;;;;;;w giewonte sa sztuczni zawodnicy;;;;651
1,8,;2,4,;1;5;0;;;151;36;0;2022-06-29 19:56:21;;;;;;;;;;;;;;;każda PJACA popłaca i żadna nie hańbi;;;;652
2,1,;6,4,;0;4;0;;;751;581;0;2022-06-29 20:28:54;;;;;;;;;;;;;;;Wszystkie bramki na konto wietka;;;;653
1,3,;2,8,;1;2;0;;;751;19;0;2022-08-24 18:13:46;;1;;;Maślicka;;;;;;2022-08-24;;;;;;Śnięta Śpoda;https://i.ibb.co/wysyyZq/snieta.jpg;654
6,3,;8,1,;4;1;0;;;302;301;0;2022-08-24 18:24:35;;;;;;;;;;;;;;;"- dalej 0: 0 (sekundę później już nie)- Przywilej niekorzyści";;;;655
2,1,;6,8,;2;3;0;;;107;50;0;2022-08-24 18:46:31;;;;;;;;;;;;;;;Drużyny na losową literę (P) kup sobie konsole i sie naucz grać;;;;656
3,8,;2,4,;0;3;0;;;140;404;0;2022-08-24 19:11:02;;;;;;;;;;;;;;;"Ja wolę głęboko"" - Bitu""";;;;657
1,6,;4,3,;1;1;0;;;9;103;0;2022-08-24 19:30:13;;;;;;;;;;;;;;;;;;;658
4,8,;2,3,;0;2;0;;;258;249;0;2022-08-24 19:51:28;;;;;;;;;;;;;;;;;;;659
2,6,;8,1,;7;0;0;;;96;751;0;2022-08-24 20:12:03;;;;;;;;;;;;;;;;;;;660
8,2,;1,4,;0;3;0;;;20;32;0;2022-08-24 20:47:43;;;;;;;;;;;;;;;;;;;661
1,6,;2,4,;0;3;0;;;558;751;0;2022-11-17 18:40:54;;1;1;;Maślicka;Mundialowa Śpoda;;;;;2022-11-17;2022-11-17;;;espumisan. Jebali. Kubo. Golizadek. kazda reprezentacja ma swojego zurkowskiego;POINTS_PER_MATCH;Śpoda Otwarcia;https://i.ibb.co/rG70qVZ/spoda-otwarcia.jpg;662
1,6,;2,4,;3;3;0;;;751;439;0;2022-11-17 18:57:37;;;;;;;;;;;;;;;;;;;663
4,1,;6,2,;2;4;0;;;249;751;0;2022-11-17 19:16:58;;;;;;;;;;;;;;;;;;;664
4,1,;6,2,;3;3;0;;;751;268;0;2022-11-17 19:38:10;;;;;;;;;;;;;;;;;;;665
1,4,;2,6,;4;4;0;;;269;751;0;2022-11-17 20:05:40;;;;;;;;;;;;;;;;;;;666
2,1,;4,6,;2;8;0;;;270;260;0;2022-11-17 20:13:33;;;;;;;;;;;;;;;;;;;667
6,1,;2,4,;1;2;0;;;253;751;0;2022-11-17 20:29:17;;;;;;;;;;;;;;;;;;;668
5,1,;4,2,;4;0;0;;;255;751;0;2022-11-17 20:45:16;;;;;;;;;;;;;;;;;;;669
4,6,;5,1,;5;0;0;;;256;751;0;2022-11-17 20:59:41;;;;;;;;;;;;;;;;;;;670
6,2,;5,1,;5;1;0;;;265;751;0;2022-11-17 21:16:50;;;;;;;;;;;;;;;ojniezajebal;;;;671
2,5,;6,4,;1;5;0;;;530;251;0;2022-11-17 21:31:41;;;;;;;;;;;;;;;;;;;672
2,1,;4,5,;5;2;0;;;250;751;0;2022-11-17 21:52:22;;;;;;;;;;;;;;;;;;;673
5,1,;4,2,;2;1;0;;;750;751;0;2022-11-17 22:08:42;;;;;;;;;;;;;;;;;;;674
28,29,;30,31,;0;1;0;;;752;748;0;2022-11-22 19:23:48;;1;;;Maślicka;;;;;;2022-11-22;;;;;;;;675
2,9,;3,5,;2;1;0;;;759;751;0;2022-11-22 19:35:22;;;;;;;;;;;;;;;;;;;676
32,8,;33,1,;0;2;0;;;261;556;0;2022-11-22 19:53:12;;;;;;;;;;;;;;;;;;;677
6,29,;4,31,;2;0;0;;;268;751;0;2022-11-22 20:07:17;;;;;;;;;;;;;;;;;;;678
2,32,;28,5,;1;0;0;;;558;751;0;2022-11-22 20:29:44;;;;;;;;;;;;;;;;;;;679
33,4,;1,6,;1;1;0;;;439;751;0;2022-11-22 20:50:50;;;;;;;;;;;;;;;;;;;680
2,5,;1,4,;1;2;0;;;249;751;0;2022-11-22 21:09:29;;;;;;;;;;;;;;;;;;;681
3,33,;31,1,;5;4;0;;;255;253;0;2022-11-26 16:34:08;;1;;;Maślicka;;;;;;2022-11-26;;;;;;;;682
2,5,;1,3,;0;2;0;;;751;751;0;2022-11-26 16:50:12;;;;;;;;;;;;;;;;;;;683
5,33,;2,31,;2;0;0;;;260;751;0;2022-11-26 17:12:50;;;;;;;;;;;;;;;;;;;684
2,5,;3,1,;5;3;0;;;269;270;0;2022-11-26 17:27:50;;;;;;;;;;;;;;;;;;;685
5,31,;2,33,;1;0;0;;;751;751;0;2022-11-26 17:49:38;;;;;;;;;;;;;;;;;;;686
1,2,;5,3,;2;1;0;;;250;530;0;2022-11-26 18:03:48;;;;;;;;;;;;;;;;;;;687
4,1,;2,6,;0;1;0;;;251;751;0;2022-12-01 18:55:06;;1;;;Maślicka;;;;;;2022-12-01;;;;;;Śpoda o Wszystko;https://i.ibb.co/zHFc9Wj/messih.jpg;688
2,6,;4,1,;1;4;0;;;265;256;0;2022-12-01 19:08:42;;;;;;;;;;;;;;;;;;;689
4,2,;6,1,;4;6;0;;;751;748;0;2022-12-01 19:26:48;;;;;;;;;;;;;;;;;;;690
6,1,;4,2,;0;3;0;;;751;556;0;2022-12-01 19:43:17;;;;;;;;;;;;;;;;;;;691
6,2,;4,1,;3;1;0;;;752;750;0;2022-12-01 19:57:09;;;;;;;;;;;;;;;;;;;692
1,4,;6,2,;0;3;0;;;261;759;0;2022-12-01 20:13:03;;;;;;;;;;;;;;;;;;;693
4,2,;1,6,;3;4;0;;;268;249;0;2022-12-01 20:27:42;;;;;;;;;;;;;;;;;;;694
1,6,;4,2,;1;4;0;;;751;751;0;2022-12-01 20:43:10;;;;;;;;;;;;;;;;;;;695
2,6,;4,1,;2;2;0;;;751;751;0;2022-12-01 20:57:33;;;;;;;;;;;;;;;;;;;696
6,2,;4,1,;5;1;0;;;439;558;0;2022-12-01 21:12:40;;;;;;;;;;;;;;;;;;;697
4,5,;2,1,;1;4;0;;;751;253;0;2022-12-08 17:56:38;;1;;;Maślicka;;;;;;2022-12-08;;;;;;Honorowa Śpoda;https://i.ibb.co/mSmQyLQ/honorowa.jpg;698
1,5,;2,4,;0;1;0;;;751;255;0;2022-12-08 18:10:09;;;;;;;;;;;;;;;;;;;699
3,5,;4,1,;1;3;0;;;260;269;0;2022-12-08 18:24:31;;;;;;;;;;;;;;;;;;;700
1,3,;5,2,;3;3;0;;;751;270;0;2022-12-08 18:38:20;;;;;;;;;;;;;;;;;;;701
6,1,;4,5,;2;1;0;;;251;250;0;2022-12-08 18:55:03;;;;;;;;;;;;;;;;;;;702
4,2,;3,5,;7;1;0;;;751;530;0;2022-12-08 19:08:30;;;;;;;;;;;;;;;;;;;703
1,5,;2,6,;3;4;0;;;751;265;0;2022-12-08 19:27:53;;;;;;;;;;;;;;;Gra na pozycji blokującego;;;;704
4,1,;5,3,;0;2;0;;;751;256;0;2022-12-08 19:48:58;;;;;;;;;;;;;;;;;;;705
4,2,;1,3,;3;0;0;;;556;759;0;2022-12-08 20:02:10;;;;;;;;;;;;;;;;;;;706
3,1,;6,5,;2;4;0;;;751;261;0;2022-12-08 20:16:20;;;;;;;;;;;;;;;;;;;707
4,2,;3,6,;4;4;0;;;748;750;0;2022-12-08 20:33:37;;;;;;;;;;;;;;;;;;;708
4,1,;3,6,;1;2;0;;;751;752;0;2022-12-08 20:51:10;;;;;;;;;;;;;;;;;;;709
4,2,;1,5,;2;1;0;;;439;268;1;2022-12-08 21:09:44;;;;;;;;;;;;;;;;;;;710
4,1,;5,6,;4;4;1;2;4;269;253;1;2022-12-08 21:23:20;;;;;;;;;;;;;;;;;;;711
5,4,;1,2,;2;3;0;;;751;751;1;2022-12-08 21:46:51;;;;;;;;;;;;;;;;;;;712
4,1,;5,2,;3;3;1;4;1;255;260;1;2022-12-08 22:02:30;;;;;;;;;;;;;;;;;;;713
5,4,;1,2,;2;1;0;;;256;251;1;2022-12-28 17:30:00;;1;;;Maślicka;;;;;;2022-12-28;;;;;;Mundialowa Śpoda - Finał;https://i.ibb.co/86vy80w/swiateczna2.jpg;714
5,1,;2,4,;2;3;0;;;748;759;1;2022-12-28 17:47:24;;;;;;;;;;;;;;;;;;;715
4,5,;2,9,;3;0;0;;;751;265;1;2022-12-28 18:04:48;;;;;;;;;;;;;;;;;;;716
4,5,;1,2,;2;4;0;;;556;752;1;2022-12-28 18:30:16;;;;;;;;;;;;;;;;;;;717
3,2,;9,4,;3;1;0;;;439;253;1;2022-12-28 18:56:01;;;;;;;;;;;;;;;;;;;718
3,9,;4,1,;0;3;0;;;256;759;1;2022-12-28 19:13:59;;;;;;;;;;;;;;;;;;;719
1,9,;4,3,;1;6;0;;;751;255;1;2022-12-28 19:31:43;;;;;;;;;;;;;;;;;;;720
1,2,;5,9,;2;3;0;;;751;752;1;2022-12-28 19:47:24;;;;;;;;;;;;;;;kanada = spodowski mistrz swiata. jednak ni;;;;721
2,5,;3,4,;5;1;0;;;439;759;1;2022-12-28 20:02:39;;;;;;;;;;;;;;;;;;;722
7,1,;9,4,;3;1;0;;;255;752;1;2022-12-28 20:31:43;;;;;;;;;;;;;;;;;;;723
3,9,;5,7,;0;6;0;;;759;752;1;2022-12-28 20:53:35;;;;;;;;;;;;;;;;;;;724
2,1,;4,5,;5;7;0;;;439;255;1;2022-12-28 21:16:59;;;;;;;;;;;;;;;;;;;725
4,2,;1,3,;5;3;0;;;19;10;0;2023-12-22 17:46:55;;1;1;;Maślicka;ŚWIĄTECZNA ŚPODA;https://i.ibb.co/5RbzWBV/swieta-spoda-logo-removebg-preview.png;;;;2023-12-22;2023-12-22;;;;RATING;;;726
4,1,;5,3,;6;4;0;;;9;50;0;2023-12-22 18:07:54;;;;;Maślicka;;;;;;;;;;;;;;727
6,2,;5,7,;5;2;0;;;32;1;0;2023-12-22 18:46:15;;;;;Maślicka;;;;;;;;;;;;;;728
1,2,;4,3,;3;3;0;;;93;49;0;2023-12-22 19:07:15;;;;;Maślicka;;;;;;;;;;;;;;729
1,7,;5,4,;3;4;0;;;251;255;0;2023-12-22 19:44:02;;;;;Maślicka;;;;;;;;;;;;;;730
3,2,;6,7,;4;1;0;;;147;228;0;2023-12-22 20:05:13;;;;;Maślicka;;;;;;;;;;;;;;731
4,6,;5,1,;10;2;0;;;190;595;0;2023-12-22 20:44:34;;;;;Maślicka;;;;;;;;;;;;;;732
6,3,;2,7,;6;1;0;;;198;72;0;2023-12-22 21:04:11;;;;;Maślicka;;;;;;;;;;;;;;733
4,7,;5,6,;5;3;0;;;692;335;0;2023-12-22 21:29:38;;;;;Maślicka;;;;;;;;;;;;;;734
3,7,;1,2,;6;5;0;;;259;440;0;2023-12-22 22:01:05;;;;;Maślicka;;;;;;;;;;;;;;735
4,3,;5,2,;0;3;0;;;122;52;0;2023-12-22 22:22:17;;;;;Maślicka;;;;;;;;;;;;;;736
5,4,;1,7,;7;3;0;;;562;668;0;2023-12-22 22:47:28;;;;;Maślicka;;;;;;;;;;;;;;737
5,2,;4,1,;5;4;0;;;735;102;0;2023-12-22 23:15:23;;;;;Maślicka;;;;;;;;;;;;;;738
5,8,;4,1,;2;3;0;;;65;423;0;2024-03-21 20:16:03;;1;1;;Maślicka;MECZOWA ŚPODA;https://i.ibb.co/7XmsQKP/69394997-2366969690006705-7052912435535020032-n.jpg;;;;2024-03-21;2024-03-21;;;;RATING;;;739
2,8,;9,3,;4;2;0;;;595;13;0;2024-03-21 20:23:58;;;;;Maślicka;;;;;;;;;;;;;;740
5,2,;1,3,;2;4;0;;;692;227;0;2024-05-16 19:01:03;;1;;;Maślicka;;;;;;2024-05-16;;;;;;;;741
4,1,;5,3,;3;2;0;;;223;281;0;2024-05-16 19:34:19;;;;;Maślicka;;;;;;;;;;;;;;742
3,2,;5,4,;5;8;0;;;103;9;0;2024-05-16 19:39:28;;;;;Maślicka;;;;;;;;;;;;;;743
5,2,;4,1,;3;6;0;;;32;10;0;2024-05-16 20:00:31;;;;;Maślicka;;;;;;;;;;;;;;744
1,2,;4,3,;6;4;0;;;234;235;0;2024-05-16 20:27:38;;;;;Maślicka;;;;;;;;;;;;;;745
4,2,;5,1,;7;3;0;;;50;27;0;2024-05-16 21:03:20;;;;;Maślicka;;;;;;;;;;;;;;746
4,1,;5,2,;5;3;0;;;587;323;0;2024-05-16 21:24:13;;;;;Maślicka;;;;;;;;;;;;;;747
1,2,;5,4,;7;5;0;;;1;19;0;2024-05-16 21:49:45;;;;;Maślicka;;;;;;;;;;;;;;748
4,2,;5,1,;4;3;0;;;102;249;0;2024-05-16 21:55:10;;;;;Maślicka;;;;;;;;;;;;;;749
5,4,;1,3,;5;1;0;;;256;264;0;2024-06-11 18:30:53;1;1;1;;Maślicka;EURO ŚPODA;https://upload.wikimedia.org/wikipedia/it/f/f0/UEFA_Euro_2024_Logo.png;;;;2024-06-11;2024-06-11;;1;;RATING;;;750
1,2,;5,3,;3;3;0;;;340;750;0;2024-06-11 18:52:57;2;;;;Maślicka;;;;;;;;;1;;;;;751
4,2,;5,1,;3;4;0;;;265;251;0;2024-06-11 19:13:25;3;;;;Maślicka;;;;;;;;;1;;;;;752
5,6,;1,3,;9;0;0;;;258;746;0;2024-06-11 19:44:26;4;;;;Maślicka;;;;;;;;;1;;;;;753
4,3,;6,2,;2;3;0;;;260;439;0;2024-06-11 19:53:32;7;;;;Maślicka;;;;;;;;;1;;;;;754
1,3,;5,4,;3;5;0;;;747;253;0;2024-06-11 20:16:42;6;;;;Maślicka;;;;;;;;;1;;;;;755
4,1,;5,2,;2;3;0;;;748;249;0;2024-06-11 20:39:29;5;;;;Maślicka;;;;;;;;;1;;;;;756
5,4,;6,2,;5;3;0;;;263;267;0;2024-06-11 20:57:40;10;;;;Maślicka;;;;;;;;;1;;;;;757
5,2,;4,6,;2;3;0;;;250;743;0;2024-06-11 21:16:00;9;;;;Maślicka;;;;;;;;;1;;;;;758
5,2,;4,6,;1;2;0;;;749;255;0;2024-06-11 21:55:07;8;;;;Maślicka;;;;;;;;;1;;;;;759
4,3,;5,1,;6;5;0;;;744;745;0;2024-06-16 17:21:02;11;1;;;u Marasa;;;;;;2024-06-16;;;1;;;;;760
5,3,;4,2,;2;1;0;;;261;252;0;2024-06-16 17:52:00;12;;;;u Marasa;;;;;;;;;1;;;;;761
3,2,;4,1,;5;3;0;;;251;746;0;2024-06-16 18:09:43;15;;;;u Marasa;;;;;;;;;1;;;;;762
1,2,;5,4,;2;3;0;;;256;340;0;2024-06-16 18:27:49;14;;;;u Marasa;;;;;;;;;1;;;;;763
1,3,;5,2,;3;4;0;;;264;750;0;2024-06-16 18:47:21;13;;;;u Marasa;;;;;;;;;1;;;;;764
5,4,;1,3,;6;2;0;;;747;748;0;2024-06-16 19:06:05;18;;;;u Marasa;;;;;;;;;1;;;;;765
4,2,;5,3,;4;3;0;;;253;249;0;2024-06-16 19:21:18;17;;;;u Marasa;;;;;;;;;1;;;;;766
1,10,;5,2,;3;3;0;;;265;258;0;2024-07-09 18:24:13;16;1;;;Maślicka;;;;;;2024-07-09;;;1;;;;;767
11,1,;3,10,;2;3;0;;;743;267;0;2024-07-09 19:02:39;21;;;;Maślicka;;;;;;;;;1;;;;;768
5,3,;10,2,;1;4;0;;;260;749;0;2024-07-09 19:04:59;19;;;;Maślicka;;;;;;;;;1;;;;;769
1,2,;11,5,;1;3;0;;;439;255;0;2024-07-09 19:19:35;20;;;;Maślicka;;;;;;;;;1;;;;;770
1,3,;5,10,;4;3;0;;;745;252;0;2024-07-09 19:35:05;24;;;;Maślicka;;;;;;;;;1;;;;;771
11,10,;1,6,;2;5;0;;;744;261;0;2024-07-09 19:49:30;23;;;;Maślicka;;;;;;;;;1;;;;;772
11,6,;3,2,;4;1;0;;;250;263;0;2024-07-09 20:04:46;22;;;;Maślicka;;;;;;;;;1;;;;;773
3,10,;5,1,;2;6;0;;;750;256;0;2024-07-09 20:21:34;25;;;;Maślicka;;;;;;;;;1;;;;;774
11,3,;6,2,;2;4;0;;;264;340;0;2024-07-09 20:36:44;26;;;;Maślicka;;;;;;;;;1;;;;;775
10,2,;5,11,;3;5;0;;;746;265;0;2024-07-09 20:55:50;27;;;;Maślicka;;;;;;;;;1;;;;;776
5,10,;1,6,;2;4;0;;;251;258;0;2024-07-09 21:12:54;28;;;;Maślicka;;;;;;;;;1;;;;;777
4,1,;5,2,;4;2;0;;;439;749;0;2024-07-25 18:51:40;31;;;;Maślicka;;;;;;2024-07-25;;;1;;;;;778
5,1,;4,2,;4;6;0;;;255;260;0;2024-07-25 19:08:08;32;;;;Maślicka;;;;;;;;;1;;;;;779
1,2,;5,4,;2;5;0;;;249;747;0;2024-07-25 19:24:24;29;;;;Maślicka;;;;;;;;;1;;;;;780
5,1,;4,2,;3;5;0;;;253;748;0;2024-07-25 19:48:43;30;;;;Maślicka;;;;;;;;;1;;;;;781
5,2,;4,1,;2;3;0;;;743;263;0;2024-07-25 20:28:13;33;;;;Maślicka;;;;;;;;;1;;;;;782
5,4,;1,2,;1;4;0;;;267;250;0;2024-07-25 20:28:54;34;;;;Maślicka;;;;;;;;;1;;;;;783
5,1,;4,2,;1;4;0;;;745;261;0;2024-07-25 21:06:07;35;;;;Maślicka;;;;;;;;;1;;;;;784
5,2,;4,1,;3;2;0;;;252;744;0;2024-07-25 21:21:35;36;;;;Maślicka;;;;;;;;;1;;;;;785
5,4,;1,2,;9;1;0;;;256;251;1;2024-07-25 21:38:13;38;;;;Maślicka;;;;;;;;;1;;;;;786
